This file contains any messages produced by compilers while
running configure, to aid debugging if configure makes a mistake.

It was created by LibTIFF Software configure 3.9.7, which was
generated by GNU Autoconf 2.69.  Invocation command line was

  $ ./configure --prefix=/data/ylwang/non-textfuzz/target/libtiff/build_test CC=gcc CFLAGS=-fsanitize=address,undefined -g0 -fno-omit-frame-pointer LDFLAGS=-fsanitize=address,undefined --disable-lzma --without-x

## --------- ##
## Platform. ##
## --------- ##

hostname = XXF-GPU-03
uname -m = x86_64
uname -r = 5.15.0-170-generic
uname -s = Linux
uname -v = #180-Ubuntu SMP Fri Jan 9 16:10:31 UTC 2026

/usr/bin/uname -p = x86_64
/bin/uname -X     = unknown

/bin/arch              = x86_64
/usr/bin/arch -k       = unknown
/usr/convex/getsysinfo = unknown
/usr/bin/hostinfo      = unknown
/bin/machine           = unknown
/usr/bin/oslevel       = unknown
/bin/universe          = unknown

PATH: /home/yuelinwang/.local/bin
PATH: /home/yuelinwang/bin
PATH: /home/yuelinwang/.cargo/bin
PATH: /home/yuelinwang/.nvm/versions/node/v20.19.6/bin
PATH: /home/yuelinwang/go/bin
PATH: /usr/local/sbin
PATH: /usr/local/bin
PATH: /usr/sbin
PATH: /usr/bin
PATH: /sbin
PATH: /bin
PATH: /usr/games
PATH: /usr/local/games
PATH: /snap/bin
PATH: /usr/local/cuda/bin
PATH: /data/ylwang/Projects/codeql
PATH: /data/ylwang/Projects/depot_tools/
PATH: /data/ylwang/Projects/ninja
PATH: /home/yuelinwang/environment/go/bin
PATH: /home/yuelinwang/.foundry/bin


## ----------- ##
## Core tests. ##
## ----------- ##

configure:2745: checking build system type
configure:2759: result: x86_64-unknown-linux-gnu
configure:2779: checking host system type
configure:2792: result: x86_64-unknown-linux-gnu
configure:2829: checking for a BSD-compatible install
configure:2897: result: /usr/bin/install -c
configure:2908: checking whether build environment is sane
configure:2963: result: yes
configure:3114: checking for a thread-safe mkdir -p
configure:3153: result: /usr/bin/mkdir -p
configure:3160: checking for gawk
configure:3176: found /usr/bin/gawk
configure:3187: result: gawk
configure:3198: checking whether make sets $(MAKE)
configure:3220: result: yes
configure:3307: checking whether to enable maintainer-specific portions of Makefiles
configure:3316: result: no
configure:3359: checking whether build environment is sane
configure:3414: result: yes
configure:3475: checking for gcc
configure:3502: result: gcc
configure:3731: checking for C compiler version
configure:3740: gcc --version >&5
gcc (Ubuntu 11.4.0-1ubuntu1~22.04.2) 11.4.0
Copyright (C) 2021 Free Software Foundation, Inc.
This is free software; see the source for copying conditions.  There is NO
warranty; not even for MERCHANTABILITY or FITNESS FOR A PARTICULAR PURPOSE.

configure:3751: $? = 0
configure:3740: gcc -v >&5
Using built-in specs.
COLLECT_GCC=gcc
COLLECT_LTO_WRAPPER=/usr/lib/gcc/x86_64-linux-gnu/11/lto-wrapper
OFFLOAD_TARGET_NAMES=nvptx-none:amdgcn-amdhsa
OFFLOAD_TARGET_DEFAULT=1
Target: x86_64-linux-gnu
Configured with: ../src/configure -v --with-pkgversion='Ubuntu 11.4.0-1ubuntu1~22.04.2' --with-bugurl=file:///usr/share/doc/gcc-11/README.Bugs --enable-languages=c,ada,c++,go,brig,d,fortran,objc,obj-c++,m2 --prefix=/usr --with-gcc-major-version-only --program-suffix=-11 --program-prefix=x86_64-linux-gnu- --enable-shared --enable-linker-build-id --libexecdir=/usr/lib --without-included-gettext --enable-threads=posix --libdir=/usr/lib --enable-nls --enable-bootstrap --enable-clocale=gnu --enable-libstdcxx-debug --enable-libstdcxx-time=yes --with-default-libstdcxx-abi=new --enable-gnu-unique-object --disable-vtable-verify --enable-plugin --enable-default-pie --with-system-zlib --enable-libphobos-checking=release --with-target-system-zlib=auto --enable-objc-gc=auto --enable-multiarch --disable-werror --enable-cet --with-arch-32=i686 --with-abi=m64 --with-multilib-list=m32,m64,mx32 --enable-multilib --with-tune=generic --enable-offload-targets=nvptx-none=/build/gcc-11-2Y5pKs/gcc-11-11.4.0/debian/tmp-nvptx/usr,amdgcn-amdhsa=/build/gcc-11-2Y5pKs/gcc-11-11.4.0/debian/tmp-gcn/usr --without-cuda-driver --enable-checking=release --build=x86_64-linux-gnu --host=x86_64-linux-gnu --target=x86_64-linux-gnu --with-build-config=bootstrap-lto-lean --enable-link-serialization=2
Thread model: posix
Supported LTO compression algorithms: zlib zstd
gcc version 11.4.0 (Ubuntu 11.4.0-1ubuntu1~22.04.2) 
... rest of stderr output deleted ...
configure:3751: $? = 0
configure:3740: gcc -V >&5
gcc: error: unrecognized command-line option '-V'
gcc: fatal error: no input files
compilation terminated.
configure:3751: $? = 1
configure:3740: gcc -qversion >&5
gcc: error: unrecognized command-line option '-qversion'; did you mean '--version'?
gcc: fatal error: no input files
compilation terminated.
configure:3751: $? = 1
configure:3771: checking whether the C compiler works
configure:3793: gcc -fsanitize=address,undefined -g0 -fno-omit-frame-pointer  -fsanitize=address,undefined conftest.c  >&5
configure:3797: $? = 0
configure:3845: result: yes
configure:3848: checking for C compiler default output file name
configure:3850: result: a.out
configure:3856: checking for suffix of executables
configure:3863: gcc -o conftest -fsanitize=address,undefined -g0 -fno-omit-frame-pointer  -fsanitize=address,undefined conftest.c  >&5
configure:3867: $? = 0
configure:3889: result: 
configure:3911: checking whether we are cross compiling
configure:3919: gcc -o conftest -fsanitize=address,undefined -g0 -fno-omit-frame-pointer  -fsanitize=address,undefined conftest.c  >&5
configure:3923: $? = 0
configure:3930: ./conftest
configure:3934: $? = 0
configure:3949: result: no
configure:3954: checking for suffix of object files
configure:3976: gcc -c -fsanitize=address,undefined -g0 -fno-omit-frame-pointer  conftest.c >&5
configure:3980: $? = 0
configure:4001: result: o
configure:4005: checking whether we are using the GNU C compiler
configure:4024: gcc -c -fsanitize=address,undefined -g0 -fno-omit-frame-pointer  conftest.c >&5
configure:4024: $? = 0
configure:4033: result: yes
configure:4042: checking whether gcc accepts -g
configure:4062: gcc -c -g  conftest.c >&5
configure:4062: $? = 0
configure:4103: result: yes
configure:4120: checking for gcc option to accept ISO C89
configure:4183: gcc  -c -fsanitize=address,undefined -g0 -fno-omit-frame-pointer  conftest.c >&5
configure:4183: $? = 0
configure:4196: result: none needed
configure:4227: checking for style of include used by make
configure:4255: result: GNU
configure:4281: checking dependency style of gcc
configure:4392: result: gcc3
configure:4411: checking for gcc option to accept ISO C99
configure:4560: gcc  -c -fsanitize=address,undefined -g0 -fno-omit-frame-pointer  conftest.c >&5
configure:4560: $? = 0
configure:4573: result: none needed
configure:4681: checking for gcc option to accept ISO Standard C
configure:4692: result: none needed
configure:4704: checking how to run the C preprocessor
configure:4735: gcc -E  conftest.c
configure:4735: $? = 0
configure:4749: gcc -E  conftest.c
conftest.c:11:10: fatal error: ac_nonexistent.h: No such file or directory
   11 | #include <ac_nonexistent.h>
      |          ^~~~~~~~~~~~~~~~~~
compilation terminated.
configure:4749: $? = 1
configure: failed program was:
| /* confdefs.h */
| #define PACKAGE_NAME "LibTIFF Software"
| #define PACKAGE_TARNAME "tiff"
| #define PACKAGE_VERSION "3.9.7"
| #define PACKAGE_STRING "LibTIFF Software 3.9.7"
| #define PACKAGE_BUGREPORT "tiff@lists.maptools.org"
| #define PACKAGE_URL ""
| #define PACKAGE "tiff"
| #define VERSION "3.9.7"
| /* end confdefs.h.  */
| #include <ac_nonexistent.h>
configure:4774: result: gcc -E
configure:4794: gcc -E  conftest.c
configure:4794: $? = 0
configure:4808: gcc -E  conftest.c
conftest.c:11:10: fatal error: ac_nonexistent.h: No such file or directory
   11 | #include <ac_nonexistent.h>
      |          ^~~~~~~~~~~~~~~~~~
compilation terminated.
configure:4808: $? = 1
configure: failed program was:
| /* confdefs.h */
| #define PACKAGE_NAME "LibTIFF Software"
| #define PACKAGE_TARNAME "tiff"
| #define PACKAGE_VERSION "3.9.7"
| #define PACKAGE_STRING "LibTIFF Software 3.9.7"
| #define PACKAGE_BUGREPORT "tiff@lists.maptools.org"
| #define PACKAGE_URL ""
| #define PACKAGE "tiff"
| #define VERSION "3.9.7"
| /* end confdefs.h.  */
| #include <ac_nonexistent.h>
configure:4836: checking for a sed that does not truncate output
configure:4900: result: /usr/bin/sed
configure:4918: checking for grep that handles long lines and -e
configure:4976: result: /usr/bin/grep
configure:4981: checking for egrep
configure:5043: result: /usr/bin/grep -E
configure:5048: checking for fgrep
configure:5110: result: /usr/bin/grep -F
configure:5137: checking how to print strings
configure:5164: result: printf
configure:5197: checking for ld used by gcc
configure:5264: result: /usr/bin/ld
configure:5271: checking if the linker (/usr/bin/ld) is GNU ld
configure:5286: result: yes
configure:5300: checking whether gcc and cc understand -c and -o together
configure:5331: gcc -c conftest.c -o conftest2.o >&5
configure:5335: $? = 0
configure:5341: gcc -c conftest.c -o conftest2.o >&5
configure:5345: $? = 0
configure:5356: cc -c conftest.c >&5
configure:5360: $? = 0
configure:5368: cc -c conftest.c -o conftest2.o >&5
configure:5372: $? = 0
configure:5378: cc -c conftest.c -o conftest2.o >&5
configure:5382: $? = 0
configure:5400: result: yes
configure:5437: checking for ld used by gcc
configure:5504: result: /usr/bin/ld
configure:5511: checking if the linker (/usr/bin/ld) is GNU ld
configure:5526: result: yes
configure:5543: checking for C compiler warning flags
configure:5635: result: -Wall -W
configure:5639: checking whether make sets $(MAKE)
configure:5661: result: yes
configure:5670: checking whether ln -s works
configure:5674: result: yes
configure:5787: checking for BSD- or MS-compatible name lister (nm)
configure:5836: result: /usr/bin/nm -B
configure:5966: checking the name lister (/usr/bin/nm -B) interface
configure:5973: gcc -c -fsanitize=address,undefined -g0 -fno-omit-frame-pointer -Wall -W  conftest.c >&5
configure:5976: /usr/bin/nm -B "conftest.o"
configure:5979: output
                 U __asan_init
                 U __asan_register_globals
                 U __asan_unregister_globals
                 U __asan_version_mismatch_check_v8
0000000000000040 B __odr_asan.some_variable
0000000000000000 t _sub_D_00099_0
000000000000001e t _sub_I_00099_1
0000000000000000 B some_variable
configure:5986: result: BSD nm
configure:5990: checking the maximum length of command line arguments
configure:6120: result: 1572864
configure:6137: checking whether the shell understands some XSI constructs
configure:6147: result: yes
configure:6151: checking whether the shell understands "+="
configure:6157: result: yes
configure:6192: checking how to convert x86_64-unknown-linux-gnu file names to x86_64-unknown-linux-gnu format
configure:6232: result: func_convert_file_noop
configure:6239: checking how to convert x86_64-unknown-linux-gnu file names to toolchain format
configure:6259: result: func_convert_file_noop
configure:6266: checking for /usr/bin/ld option to reload object files
configure:6273: result: -r
configure:6347: checking for objdump
configure:6363: found /usr/bin/objdump
configure:6374: result: objdump
configure:6403: checking how to recognize dependent libraries
configure:6605: result: pass_all
configure:6690: checking for dlltool
configure:6720: result: no
configure:6747: checking how to associate runtime and link libraries
configure:6774: result: printf %s\n
configure:6834: checking for ar
configure:6850: found /usr/bin/ar
configure:6861: result: ar
configure:6898: checking for archiver @FILE support
configure:6915: gcc -c -fsanitize=address,undefined -g0 -fno-omit-frame-pointer -Wall -W  conftest.c >&5
configure:6915: $? = 0
configure:6918: ar cru libconftest.a @conftest.lst >&5
ar: `u' modifier ignored since `D' is the default (see `U')
configure:6921: $? = 0
configure:6926: ar cru libconftest.a @conftest.lst >&5
ar: `u' modifier ignored since `D' is the default (see `U')
ar: conftest.o: No such file or directory
configure:6929: $? = 1
configure:6941: result: @
configure:6999: checking for strip
configure:7015: found /usr/bin/strip
configure:7026: result: strip
configure:7098: checking for ranlib
configure:7114: found /usr/bin/ranlib
configure:7125: result: ranlib
configure:7227: checking command to parse /usr/bin/nm -B output from gcc object
configure:7347: gcc -c -fsanitize=address,undefined -g0 -fno-omit-frame-pointer -Wall -W  conftest.c >&5
configure:7350: $? = 0
configure:7354: /usr/bin/nm -B conftest.o \| sed -n -e 's/^.*[ ]\([ABCDGIRSTW][ABCDGIRSTW]*\)[ ][ ]*\([_A-Za-z][_A-Za-z0-9]*\)$/\1 \2 \2/p' | sed '/ __gnu_lto/d' \> conftest.nm
configure:7357: $? = 0
configure:7423: gcc -o conftest -fsanitize=address,undefined -g0 -fno-omit-frame-pointer -Wall -W  -fsanitize=address,undefined conftest.c conftstm.o >&5
configure:7426: $? = 0
configure:7464: result: ok
configure:7501: checking for sysroot
configure:7531: result: no
configure:7608: gcc -c -fsanitize=address,undefined -g0 -fno-omit-frame-pointer -Wall -W  conftest.c >&5
configure:7611: $? = 0
configure:7787: checking for mt
configure:7803: found /usr/bin/mt
configure:7814: result: mt
configure:7837: checking if mt is a manifest tool
configure:7843: mt '-?'
configure:7851: result: no
configure:8489: checking for ANSI C header files
configure:8509: gcc -c -fsanitize=address,undefined -g0 -fno-omit-frame-pointer -Wall -W  conftest.c >&5
configure:8509: $? = 0
configure:8582: gcc -o conftest -fsanitize=address,undefined -g0 -fno-omit-frame-pointer -Wall -W  -fsanitize=address,undefined conftest.c  >&5
configure:8582: $? = 0
configure:8582: ./conftest
configure:8582: $? = 0
configure:8593: result: yes
configure:8606: checking for sys/types.h
configure:8606: gcc -c -fsanitize=address,undefined -g0 -fno-omit-frame-pointer -Wall -W  conftest.c >&5
configure:8606: $? = 0
configure:8606: result: yes
configure:8606: checking for sys/stat.h
configure:8606: gcc -c -fsanitize=address,undefined -g0 -fno-omit-frame-pointer -Wall -W  conftest.c >&5
configure:8606: $? = 0
configure:8606: result: yes
configure:8606: checking for stdlib.h
configure:8606: gcc -c -fsanitize=address,undefined -g0 -fno-omit-frame-pointer -Wall -W  conftest.c >&5
configure:8606: $? = 0
configure:8606: result: yes
configure:8606: checking for string.h
configure:8606: gcc -c -fsanitize=address,undefined -g0 -fno-omit-frame-pointer -Wall -W  conftest.c >&5
configure:8606: $? = 0
configure:8606: result: yes
configure:8606: checking for memory.h
configure:8606: gcc -c -fsanitize=address,undefined -g0 -fno-omit-frame-pointer -Wall -W  conftest.c >&5
configure:8606: $? = 0
configure:8606: result: yes
configure:8606: checking for strings.h
configure:8606: gcc -c -fsanitize=address,undefined -g0 -fno-omit-frame-pointer -Wall -W  conftest.c >&5
configure:8606: $? = 0
configure:8606: result: yes
configure:8606: checking for inttypes.h
configure:8606: gcc -c -fsanitize=address,undefined -g0 -fno-omit-frame-pointer -Wall -W  conftest.c >&5
configure:8606: $? = 0
configure:8606: result: yes
configure:8606: checking for stdint.h
configure:8606: gcc -c -fsanitize=address,undefined -g0 -fno-omit-frame-pointer -Wall -W  conftest.c >&5
configure:8606: $? = 0
configure:8606: result: yes
configure:8606: checking for unistd.h
configure:8606: gcc -c -fsanitize=address,undefined -g0 -fno-omit-frame-pointer -Wall -W  conftest.c >&5
configure:8606: $? = 0
configure:8606: result: yes
configure:8620: checking for dlfcn.h
configure:8620: gcc -c -fsanitize=address,undefined -g0 -fno-omit-frame-pointer -Wall -W  conftest.c >&5
configure:8620: $? = 0
configure:8620: result: yes
configure:9124: checking for objdir
configure:9139: result: .libs
configure:9410: checking if gcc supports -fno-rtti -fno-exceptions
configure:9428: gcc -c -fsanitize=address,undefined -g0 -fno-omit-frame-pointer -Wall -W  -fno-rtti -fno-exceptions conftest.c >&5
cc1: warning: command-line option '-fno-rtti' is valid for C++/D/ObjC++ but not for C
configure:9432: $? = 0
configure:9445: result: no
configure:9772: checking for gcc option to produce PIC
configure:9779: result: -fPIC -DPIC
configure:9787: checking if gcc PIC flag -fPIC -DPIC works
configure:9805: gcc -c -fsanitize=address,undefined -g0 -fno-omit-frame-pointer -Wall -W  -fPIC -DPIC -DPIC conftest.c >&5
configure:9809: $? = 0
configure:9822: result: yes
configure:9851: checking if gcc static flag -static works
configure:9879: result: no
configure:9894: checking if gcc supports -c -o file.o
configure:9915: gcc -c -fsanitize=address,undefined -g0 -fno-omit-frame-pointer -Wall -W  -o out/conftest2.o conftest.c >&5
configure:9919: $? = 0
configure:9941: result: yes
configure:9949: checking if gcc supports -c -o file.o
configure:9996: result: yes
configure:10029: checking whether the gcc linker (/usr/bin/ld -m elf_x86_64) supports shared libraries
configure:11182: result: yes
configure:11219: checking whether -lc should be explicitly linked in
configure:11227: gcc -c -fsanitize=address,undefined -g0 -fno-omit-frame-pointer -Wall -W  conftest.c >&5
configure:11230: $? = 0
configure:11245: gcc -shared  -fPIC -DPIC conftest.o  -v -Wl,-soname -Wl,conftest -o conftest 2\>\&1 \| /usr/bin/grep  -lc  \>/dev/null 2\>\&1
configure:11248: $? = 0
configure:11262: result: no
configure:11422: checking dynamic linker characteristics
configure:11933: gcc -o conftest -fsanitize=address,undefined -g0 -fno-omit-frame-pointer -Wall -W  -fsanitize=address,undefined -Wl,-rpath -Wl,/foo conftest.c  >&5
configure:11933: $? = 0
configure:12155: result: GNU/Linux ld.so
configure:12262: checking how to hardcode library paths into programs
configure:12287: result: immediate
configure:12827: checking whether stripping libraries is possible
configure:12832: result: yes
configure:12867: checking if libtool supports shared libraries
configure:12869: result: yes
configure:12872: checking whether to build shared libraries
configure:12893: result: yes
configure:12896: checking whether to build static libraries
configure:12900: result: yes
configure:12995: checking for g++
configure:13011: found /usr/bin/g++
configure:13022: result: g++
configure:13049: checking for C++ compiler version
configure:13058: g++ --version >&5
g++ (Ubuntu 11.4.0-1ubuntu1~22.04.2) 11.4.0
Copyright (C) 2021 Free Software Foundation, Inc.
This is free software; see the source for copying conditions.  There is NO
warranty; not even for MERCHANTABILITY or FITNESS FOR A PARTICULAR PURPOSE.

configure:13069: $? = 0
configure:13058: g++ -v >&5
Using built-in specs.
COLLECT_GCC=g++
COLLECT_LTO_WRAPPER=/usr/lib/gcc/x86_64-linux-gnu/11/lto-wrapper
OFFLOAD_TARGET_NAMES=nvptx-none:amdgcn-amdhsa
OFFLOAD_TARGET_DEFAULT=1
Target: x86_64-linux-gnu
Configured with: ../src/configure -v --with-pkgversion='Ubuntu 11.4.0-1ubuntu1~22.04.2' --with-bugurl=file:///usr/share/doc/gcc-11/README.Bugs --enable-languages=c,ada,c++,go,brig,d,fortran,objc,obj-c++,m2 --prefix=/usr --with-gcc-major-version-only --program-suffix=-11 --program-prefix=x86_64-linux-gnu- --enable-shared --enable-linker-build-id --libexecdir=/usr/lib --without-included-gettext --enable-threads=posix --libdir=/usr/lib --enable-nls --enable-bootstrap --enable-clocale=gnu --enable-libstdcxx-debug --enable-libstdcxx-time=yes --with-default-libstdcxx-abi=new --enable-gnu-unique-object --disable-vtable-verify --enable-plugin --enable-default-pie --with-system-zlib --enable-libphobos-checking=release --with-target-system-zlib=auto --enable-objc-gc=auto --enable-multiarch --disable-werror --enable-cet --with-arch-32=i686 --with-abi=m64 --with-multilib-list=m32,m64,mx32 --enable-multilib --with-tune=generic --enable-offload-targets=nvptx-none=/build/gcc-11-2Y5pKs/gcc-11-11.4.0/debian/tmp-nvptx/usr,amdgcn-amdhsa=/build/gcc-11-2Y5pKs/gcc-11-11.4.0/debian/tmp-gcn/usr --without-cuda-driver --enable-checking=release --build=x86_64-linux-gnu --host=x86_64-linux-gnu --target=x86_64-linux-gnu --with-build-config=bootstrap-lto-lean --enable-link-serialization=2
Thread model: posix
Supported LTO compression algorithms: zlib zstd
gcc version 11.4.0 (Ubuntu 11.4.0-1ubuntu1~22.04.2) 
... rest of stderr output deleted ...
configure:13069: $? = 0
configure:13058: g++ -V >&5
g++: error: unrecognized command-line option '-V'
g++: fatal error: no input files
compilation terminated.
configure:13069: $? = 1
configure:13058: g++ -qversion >&5
g++: error: unrecognized command-line option '-qversion'; did you mean '--version'?
g++: fatal error: no input files
compilation terminated.
configure:13069: $? = 1
configure:13073: checking whether we are using the GNU C++ compiler
configure:13092: g++ -c   conftest.cpp >&5
configure:13092: $? = 0
configure:13101: result: yes
configure:13110: checking whether g++ accepts -g
configure:13130: g++ -c -g  conftest.cpp >&5
configure:13130: $? = 0
configure:13171: result: yes
configure:13196: checking dependency style of g++
configure:13307: result: gcc3
configure:13341: checking how to run the C++ preprocessor
configure:13368: g++ -E  conftest.cpp
configure:13368: $? = 0
configure:13382: g++ -E  conftest.cpp
conftest.cpp:23:10: fatal error: ac_nonexistent.h: No such file or directory
   23 | #include <ac_nonexistent.h>
      |          ^~~~~~~~~~~~~~~~~~
compilation terminated.
configure:13382: $? = 1
configure: failed program was:
| /* confdefs.h */
| #define PACKAGE_NAME "LibTIFF Software"
| #define PACKAGE_TARNAME "tiff"
| #define PACKAGE_VERSION "3.9.7"
| #define PACKAGE_STRING "LibTIFF Software 3.9.7"
| #define PACKAGE_BUGREPORT "tiff@lists.maptools.org"
| #define PACKAGE_URL ""
| #define PACKAGE "tiff"
| #define VERSION "3.9.7"
| #define STDC_HEADERS 1
| #define HAVE_SYS_TYPES_H 1
| #define HAVE_SYS_STAT_H 1
| #define HAVE_STDLIB_H 1
| #define HAVE_STRING_H 1
| #define HAVE_MEMORY_H 1
| #define HAVE_STRINGS_H 1
| #define HAVE_INTTYPES_H 1
| #define HAVE_STDINT_H 1
| #define HAVE_UNISTD_H 1
| #define HAVE_DLFCN_H 1
| #define LT_OBJDIR ".libs/"
| /* end confdefs.h.  */
| #include <ac_nonexistent.h>
configure:13407: result: g++ -E
configure:13427: g++ -E  conftest.cpp
configure:13427: $? = 0
configure:13441: g++ -E  conftest.cpp
conftest.cpp:23:10: fatal error: ac_nonexistent.h: No such file or directory
   23 | #include <ac_nonexistent.h>
      |          ^~~~~~~~~~~~~~~~~~
compilation terminated.
configure:13441: $? = 1
configure: failed program was:
| /* confdefs.h */
| #define PACKAGE_NAME "LibTIFF Software"
| #define PACKAGE_TARNAME "tiff"
| #define PACKAGE_VERSION "3.9.7"
| #define PACKAGE_STRING "LibTIFF Software 3.9.7"
| #define PACKAGE_BUGREPORT "tiff@lists.maptools.org"
| #define PACKAGE_URL ""
| #define PACKAGE "tiff"
| #define VERSION "3.9.7"
| #define STDC_HEADERS 1
| #define HAVE_SYS_TYPES_H 1
| #define HAVE_SYS_STAT_H 1
| #define HAVE_STDLIB_H 1
| #define HAVE_STRING_H 1
| #define HAVE_MEMORY_H 1
| #define HAVE_STRINGS_H 1
| #define HAVE_INTTYPES_H 1
| #define HAVE_STDINT_H 1
| #define HAVE_UNISTD_H 1
| #define HAVE_DLFCN_H 1
| #define LT_OBJDIR ".libs/"
| /* end confdefs.h.  */
| #include <ac_nonexistent.h>
configure:13610: checking for ld used by g++
configure:13677: result: /usr/bin/ld -m elf_x86_64
configure:13684: checking if the linker (/usr/bin/ld -m elf_x86_64) is GNU ld
configure:13699: result: yes
configure:13754: checking whether the g++ linker (/usr/bin/ld -m elf_x86_64) supports shared libraries
configure:14759: result: yes
configure:14795: g++ -c -g -O2  conftest.cpp >&5
configure:14798: $? = 0
configure:15318: checking for g++ option to produce PIC
configure:15325: result: -fPIC -DPIC
configure:15333: checking if g++ PIC flag -fPIC -DPIC works
configure:15351: g++ -c -g -O2  -fPIC -DPIC -DPIC conftest.cpp >&5
configure:15355: $? = 0
configure:15368: result: yes
configure:15391: checking if g++ static flag -static works
configure:15419: result: no
configure:15431: checking if g++ supports -c -o file.o
configure:15452: g++ -c -g -O2  -o out/conftest2.o conftest.cpp >&5
configure:15456: $? = 0
configure:15478: result: yes
configure:15483: checking if g++ supports -c -o file.o
configure:15530: result: yes
configure:15560: checking whether the g++ linker (/usr/bin/ld -m elf_x86_64) supports shared libraries
configure:15596: result: yes
configure:15737: checking dynamic linker characteristics
configure:16404: result: GNU/Linux ld.so
configure:16457: checking how to hardcode library paths into programs
configure:16482: result: immediate
configure:16535: checking whether make supports nested variables
configure:16552: result: yes
configure:16564: checking for main in -lc
configure:16583: gcc -o conftest -fsanitize=address,undefined -g0 -fno-omit-frame-pointer -Wall -W  -fsanitize=address,undefined conftest.c -lc   >&5
configure:16583: $? = 0
configure:16592: result: yes
configure:16608: checking for sin in -lm
configure:16633: gcc -o conftest -fsanitize=address,undefined -g0 -fno-omit-frame-pointer -Wall -W  -fsanitize=address,undefined conftest.c -lm  -lc  >&5
conftest.c:31:6: warning: conflicting types for built-in function 'sin'; expected 'double(double)' [-Wbuiltin-declaration-mismatch]
   31 | char sin ();
      |      ^~~
conftest.c:1:1: note: 'sin' is declared in header '<math.h>'
    1 | /* confdefs.h */
configure:16633: $? = 0
configure:16642: result: yes
configure:16659: checking assert.h usability
configure:16659: gcc -c -fsanitize=address,undefined -g0 -fno-omit-frame-pointer -Wall -W  conftest.c >&5
configure:16659: $? = 0
configure:16659: result: yes
configure:16659: checking assert.h presence
configure:16659: gcc -E  conftest.c
configure:16659: $? = 0
configure:16659: result: yes
configure:16659: checking for assert.h
configure:16659: result: yes
configure:16659: checking fcntl.h usability
configure:16659: gcc -c -fsanitize=address,undefined -g0 -fno-omit-frame-pointer -Wall -W  conftest.c >&5
configure:16659: $? = 0
configure:16659: result: yes
configure:16659: checking fcntl.h presence
configure:16659: gcc -E  conftest.c
configure:16659: $? = 0
configure:16659: result: yes
configure:16659: checking for fcntl.h
configure:16659: result: yes
configure:16659: checking io.h usability
configure:16659: gcc -c -fsanitize=address,undefined -g0 -fno-omit-frame-pointer -Wall -W  conftest.c >&5
conftest.c:60:10: fatal error: io.h: No such file or directory
   60 | #include <io.h>
      |          ^~~~~~
compilation terminated.
configure:16659: $? = 1
configure: failed program was:
| /* confdefs.h */
| #define PACKAGE_NAME "LibTIFF Software"
| #define PACKAGE_TARNAME "tiff"
| #define PACKAGE_VERSION "3.9.7"
| #define PACKAGE_STRING "LibTIFF Software 3.9.7"
| #define PACKAGE_BUGREPORT "tiff@lists.maptools.org"
| #define PACKAGE_URL ""
| #define PACKAGE "tiff"
| #define VERSION "3.9.7"
| #define STDC_HEADERS 1
| #define HAVE_SYS_TYPES_H 1
| #define HAVE_SYS_STAT_H 1
| #define HAVE_STDLIB_H 1
| #define HAVE_STRING_H 1
| #define HAVE_MEMORY_H 1
| #define HAVE_STRINGS_H 1
| #define HAVE_INTTYPES_H 1
| #define HAVE_STDINT_H 1
| #define HAVE_UNISTD_H 1
| #define HAVE_DLFCN_H 1
| #define LT_OBJDIR ".libs/"
| #define HAVE_LIBC 1
| #define HAVE_LIBM 1
| #define HAVE_ASSERT_H 1
| #define HAVE_FCNTL_H 1
| /* end confdefs.h.  */
| #include <stdio.h>
| #ifdef HAVE_SYS_TYPES_H
| # include <sys/types.h>
| #endif
| #ifdef HAVE_SYS_STAT_H
| # include <sys/stat.h>
| #endif
| #ifdef STDC_HEADERS
| # include <stdlib.h>
| # include <stddef.h>
| #else
| # ifdef HAVE_STDLIB_H
| #  include <stdlib.h>
| # endif
| #endif
| #ifdef HAVE_STRING_H
| # if !defined STDC_HEADERS && defined HAVE_MEMORY_H
| #  include <memory.h>
| # endif
| # include <string.h>
| #endif
| #ifdef HAVE_STRINGS_H
| # include <strings.h>
| #endif
| #ifdef HAVE_INTTYPES_H
| # include <inttypes.h>
| #endif
| #ifdef HAVE_STDINT_H
| # include <stdint.h>
| #endif
| #ifdef HAVE_UNISTD_H
| # include <unistd.h>
| #endif
| #include <io.h>
configure:16659: result: no
configure:16659: checking io.h presence
configure:16659: gcc -E  conftest.c
conftest.c:27:10: fatal error: io.h: No such file or directory
   27 | #include <io.h>
      |          ^~~~~~
compilation terminated.
configure:16659: $? = 1
configure: failed program was:
| /* confdefs.h */
| #define PACKAGE_NAME "LibTIFF Software"
| #define PACKAGE_TARNAME "tiff"
| #define PACKAGE_VERSION "3.9.7"
| #define PACKAGE_STRING "LibTIFF Software 3.9.7"
| #define PACKAGE_BUGREPORT "tiff@lists.maptools.org"
| #define PACKAGE_URL ""
| #define PACKAGE "tiff"
| #define VERSION "3.9.7"
| #define STDC_HEADERS 1
| #define HAVE_SYS_TYPES_H 1
| #define HAVE_SYS_STAT_H 1
| #define HAVE_STDLIB_H 1
| #define HAVE_STRING_H 1
| #define HAVE_MEMORY_H 1
| #define HAVE_STRINGS_H 1
| #define HAVE_INTTYPES_H 1
| #define HAVE_STDINT_H 1
| #define HAVE_UNISTD_H 1
| #define HAVE_DLFCN_H 1
| #define LT_OBJDIR ".libs/"
| #define HAVE_LIBC 1
| #define HAVE_LIBM 1
| #define HAVE_ASSERT_H 1
| #define HAVE_FCNTL_H 1
| /* end confdefs.h.  */
| #include <io.h>
configure:16659: result: no
configure:16659: checking for io.h
configure:16659: result: no
configure:16659: checking limits.h usability
configure:16659: gcc -c -fsanitize=address,undefined -g0 -fno-omit-frame-pointer -Wall -W  conftest.c >&5
configure:16659: $? = 0
configure:16659: result: yes
configure:16659: checking limits.h presence
configure:16659: gcc -E  conftest.c
configure:16659: $? = 0
configure:16659: result: yes
configure:16659: checking for limits.h
configure:16659: result: yes
configure:16659: checking malloc.h usability
configure:16659: gcc -c -fsanitize=address,undefined -g0 -fno-omit-frame-pointer -Wall -W  conftest.c >&5
configure:16659: $? = 0
configure:16659: result: yes
configure:16659: checking malloc.h presence
configure:16659: gcc -E  conftest.c
configure:16659: $? = 0
configure:16659: result: yes
configure:16659: checking for malloc.h
configure:16659: result: yes
configure:16659: checking search.h usability
configure:16659: gcc -c -fsanitize=address,undefined -g0 -fno-omit-frame-pointer -Wall -W  conftest.c >&5
configure:16659: $? = 0
configure:16659: result: yes
configure:16659: checking search.h presence
configure:16659: gcc -E  conftest.c
configure:16659: $? = 0
configure:16659: result: yes
configure:16659: checking for search.h
configure:16659: result: yes
configure:16659: checking sys/time.h usability
configure:16659: gcc -c -fsanitize=address,undefined -g0 -fno-omit-frame-pointer -Wall -W  conftest.c >&5
configure:16659: $? = 0
configure:16659: result: yes
configure:16659: checking sys/time.h presence
configure:16659: gcc -E  conftest.c
configure:16659: $? = 0
configure:16659: result: yes
configure:16659: checking for sys/time.h
configure:16659: result: yes
configure:16659: checking for unistd.h
configure:16659: result: yes
configure:16670: checking for an ANSI C-conforming const
configure:16736: gcc -c -fsanitize=address,undefined -g0 -fno-omit-frame-pointer -Wall -W  conftest.c >&5
configure:16736: $? = 0
configure:16743: result: yes
configure:16751: checking for inline
configure:16767: gcc -c -fsanitize=address,undefined -g0 -fno-omit-frame-pointer -Wall -W  conftest.c >&5
configure:16767: $? = 0
configure:16775: result: inline
configure:16793: checking whether byte ordering is bigendian
configure:16808: gcc -c -fsanitize=address,undefined -g0 -fno-omit-frame-pointer -Wall -W  conftest.c >&5
conftest.c:33:16: error: unknown type name 'not'
   33 |                not a universal capable compiler
      |                ^~~
conftest.c:33:22: error: expected '=', ',', ';', 'asm' or '__attribute__' before 'universal'
   33 |                not a universal capable compiler
      |                      ^~~~~~~~~
conftest.c:33:22: error: unknown type name 'universal'
configure:16808: $? = 1
configure: failed program was:
| /* confdefs.h */
| #define PACKAGE_NAME "LibTIFF Software"
| #define PACKAGE_TARNAME "tiff"
| #define PACKAGE_VERSION "3.9.7"
| #define PACKAGE_STRING "LibTIFF Software 3.9.7"
| #define PACKAGE_BUGREPORT "tiff@lists.maptools.org"
| #define PACKAGE_URL ""
| #define PACKAGE "tiff"
| #define VERSION "3.9.7"
| #define STDC_HEADERS 1
| #define HAVE_SYS_TYPES_H 1
| #define HAVE_SYS_STAT_H 1
| #define HAVE_STDLIB_H 1
| #define HAVE_STRING_H 1
| #define HAVE_MEMORY_H 1
| #define HAVE_STRINGS_H 1
| #define HAVE_INTTYPES_H 1
| #define HAVE_STDINT_H 1
| #define HAVE_UNISTD_H 1
| #define HAVE_DLFCN_H 1
| #define LT_OBJDIR ".libs/"
| #define HAVE_LIBC 1
| #define HAVE_LIBM 1
| #define HAVE_ASSERT_H 1
| #define HAVE_FCNTL_H 1
| #define HAVE_LIMITS_H 1
| #define HAVE_MALLOC_H 1
| #define HAVE_SEARCH_H 1
| #define HAVE_SYS_TIME_H 1
| #define HAVE_UNISTD_H 1
| /* end confdefs.h.  */
| #ifndef __APPLE_CC__
| 	       not a universal capable compiler
| 	     #endif
| 	     typedef int dummy;
| 
configure:16853: gcc -c -fsanitize=address,undefined -g0 -fno-omit-frame-pointer -Wall -W  conftest.c >&5
configure:16853: $? = 0
configure:16871: gcc -c -fsanitize=address,undefined -g0 -fno-omit-frame-pointer -Wall -W  conftest.c >&5
conftest.c: In function 'main':
conftest.c:39:18: error: unknown type name 'not'; did you mean 'ino_t'?
   39 |                  not big endian
      |                  ^~~
      |                  ino_t
conftest.c:39:26: error: expected '=', ',', ';', 'asm' or '__attribute__' before 'endian'
   39 |                  not big endian
      |                          ^~~~~~
configure:16871: $? = 1
configure: failed program was:
| /* confdefs.h */
| #define PACKAGE_NAME "LibTIFF Software"
| #define PACKAGE_TARNAME "tiff"
| #define PACKAGE_VERSION "3.9.7"
| #define PACKAGE_STRING "LibTIFF Software 3.9.7"
| #define PACKAGE_BUGREPORT "tiff@lists.maptools.org"
| #define PACKAGE_URL ""
| #define PACKAGE "tiff"
| #define VERSION "3.9.7"
| #define STDC_HEADERS 1
| #define HAVE_SYS_TYPES_H 1
| #define HAVE_SYS_STAT_H 1
| #define HAVE_STDLIB_H 1
| #define HAVE_STRING_H 1
| #define HAVE_MEMORY_H 1
| #define HAVE_STRINGS_H 1
| #define HAVE_INTTYPES_H 1
| #define HAVE_STDINT_H 1
| #define HAVE_UNISTD_H 1
| #define HAVE_DLFCN_H 1
| #define LT_OBJDIR ".libs/"
| #define HAVE_LIBC 1
| #define HAVE_LIBM 1
| #define HAVE_ASSERT_H 1
| #define HAVE_FCNTL_H 1
| #define HAVE_LIMITS_H 1
| #define HAVE_MALLOC_H 1
| #define HAVE_SEARCH_H 1
| #define HAVE_SYS_TIME_H 1
| #define HAVE_UNISTD_H 1
| /* end confdefs.h.  */
| #include <sys/types.h>
| 		#include <sys/param.h>
| 
| int
| main ()
| {
| #if BYTE_ORDER != BIG_ENDIAN
| 		 not big endian
| 		#endif
| 
|   ;
|   return 0;
| }
configure:16999: result: no
configure:17017: checking for off_t
configure:17017: gcc -c -fsanitize=address,undefined -g0 -fno-omit-frame-pointer -Wall -W  conftest.c >&5
configure:17017: $? = 0
configure:17017: gcc -c -fsanitize=address,undefined -g0 -fno-omit-frame-pointer -Wall -W  conftest.c >&5
conftest.c: In function 'main':
conftest.c:68:20: error: expected expression before ')' token
   68 | if (sizeof ((off_t)))
      |                    ^
configure:17017: $? = 1
configure: failed program was:
| /* confdefs.h */
| #define PACKAGE_NAME "LibTIFF Software"
| #define PACKAGE_TARNAME "tiff"
| #define PACKAGE_VERSION "3.9.7"
| #define PACKAGE_STRING "LibTIFF Software 3.9.7"
| #define PACKAGE_BUGREPORT "tiff@lists.maptools.org"
| #define PACKAGE_URL ""
| #define PACKAGE "tiff"
| #define VERSION "3.9.7"
| #define STDC_HEADERS 1
| #define HAVE_SYS_TYPES_H 1
| #define HAVE_SYS_STAT_H 1
| #define HAVE_STDLIB_H 1
| #define HAVE_STRING_H 1
| #define HAVE_MEMORY_H 1
| #define HAVE_STRINGS_H 1
| #define HAVE_INTTYPES_H 1
| #define HAVE_STDINT_H 1
| #define HAVE_UNISTD_H 1
| #define HAVE_DLFCN_H 1
| #define LT_OBJDIR ".libs/"
| #define HAVE_LIBC 1
| #define HAVE_LIBM 1
| #define HAVE_ASSERT_H 1
| #define HAVE_FCNTL_H 1
| #define HAVE_LIMITS_H 1
| #define HAVE_MALLOC_H 1
| #define HAVE_SEARCH_H 1
| #define HAVE_SYS_TIME_H 1
| #define HAVE_UNISTD_H 1
| /* end confdefs.h.  */
| #include <stdio.h>
| #ifdef HAVE_SYS_TYPES_H
| # include <sys/types.h>
| #endif
| #ifdef HAVE_SYS_STAT_H
| # include <sys/stat.h>
| #endif
| #ifdef STDC_HEADERS
| # include <stdlib.h>
| # include <stddef.h>
| #else
| # ifdef HAVE_STDLIB_H
| #  include <stdlib.h>
| # endif
| #endif
| #ifdef HAVE_STRING_H
| # if !defined STDC_HEADERS && defined HAVE_MEMORY_H
| #  include <memory.h>
| # endif
| # include <string.h>
| #endif
| #ifdef HAVE_STRINGS_H
| # include <strings.h>
| #endif
| #ifdef HAVE_INTTYPES_H
| # include <inttypes.h>
| #endif
| #ifdef HAVE_STDINT_H
| # include <stdint.h>
| #endif
| #ifdef HAVE_UNISTD_H
| # include <unistd.h>
| #endif
| int
| main ()
| {
| if (sizeof ((off_t)))
| 	    return 0;
|   ;
|   return 0;
| }
configure:17017: result: yes
configure:17028: checking for size_t
configure:17028: gcc -c -fsanitize=address,undefined -g0 -fno-omit-frame-pointer -Wall -W  conftest.c >&5
configure:17028: $? = 0
configure:17028: gcc -c -fsanitize=address,undefined -g0 -fno-omit-frame-pointer -Wall -W  conftest.c >&5
conftest.c: In function 'main':
conftest.c:68:21: error: expected expression before ')' token
   68 | if (sizeof ((size_t)))
      |                     ^
configure:17028: $? = 1
configure: failed program was:
| /* confdefs.h */
| #define PACKAGE_NAME "LibTIFF Software"
| #define PACKAGE_TARNAME "tiff"
| #define PACKAGE_VERSION "3.9.7"
| #define PACKAGE_STRING "LibTIFF Software 3.9.7"
| #define PACKAGE_BUGREPORT "tiff@lists.maptools.org"
| #define PACKAGE_URL ""
| #define PACKAGE "tiff"
| #define VERSION "3.9.7"
| #define STDC_HEADERS 1
| #define HAVE_SYS_TYPES_H 1
| #define HAVE_SYS_STAT_H 1
| #define HAVE_STDLIB_H 1
| #define HAVE_STRING_H 1
| #define HAVE_MEMORY_H 1
| #define HAVE_STRINGS_H 1
| #define HAVE_INTTYPES_H 1
| #define HAVE_STDINT_H 1
| #define HAVE_UNISTD_H 1
| #define HAVE_DLFCN_H 1
| #define LT_OBJDIR ".libs/"
| #define HAVE_LIBC 1
| #define HAVE_LIBM 1
| #define HAVE_ASSERT_H 1
| #define HAVE_FCNTL_H 1
| #define HAVE_LIMITS_H 1
| #define HAVE_MALLOC_H 1
| #define HAVE_SEARCH_H 1
| #define HAVE_SYS_TIME_H 1
| #define HAVE_UNISTD_H 1
| /* end confdefs.h.  */
| #include <stdio.h>
| #ifdef HAVE_SYS_TYPES_H
| # include <sys/types.h>
| #endif
| #ifdef HAVE_SYS_STAT_H
| # include <sys/stat.h>
| #endif
| #ifdef STDC_HEADERS
| # include <stdlib.h>
| # include <stddef.h>
| #else
| # ifdef HAVE_STDLIB_H
| #  include <stdlib.h>
| # endif
| #endif
| #ifdef HAVE_STRING_H
| # if !defined STDC_HEADERS && defined HAVE_MEMORY_H
| #  include <memory.h>
| # endif
| # include <string.h>
| #endif
| #ifdef HAVE_STRINGS_H
| # include <strings.h>
| #endif
| #ifdef HAVE_INTTYPES_H
| # include <inttypes.h>
| #endif
| #ifdef HAVE_STDINT_H
| # include <stdint.h>
| #endif
| #ifdef HAVE_UNISTD_H
| # include <unistd.h>
| #endif
| int
| main ()
| {
| if (sizeof ((size_t)))
| 	    return 0;
|   ;
|   return 0;
| }
configure:17028: result: yes
configure:17043: checking size of int
configure:17048: gcc -o conftest -fsanitize=address,undefined -g0 -fno-omit-frame-pointer -Wall -W  -fsanitize=address,undefined conftest.c -lm -lc  >&5
configure:17048: $? = 0
configure:17048: ./conftest
configure:17048: $? = 0
configure:17062: result: 4
configure:17076: checking size of long
configure:17081: gcc -o conftest -fsanitize=address,undefined -g0 -fno-omit-frame-pointer -Wall -W  -fsanitize=address,undefined conftest.c -lm -lc  >&5
configure:17081: $? = 0
configure:17081: ./conftest
configure:17081: $? = 0
configure:17095: result: 8
configure:17105: checking whether time.h and sys/time.h may both be included
configure:17125: gcc -c -fsanitize=address,undefined -g0 -fno-omit-frame-pointer -Wall -W  conftest.c >&5
configure:17125: $? = 0
configure:17132: result: yes
configure:17140: checking whether struct tm is in sys/time.h or time.h
configure:17160: gcc -c -fsanitize=address,undefined -g0 -fno-omit-frame-pointer -Wall -W  conftest.c >&5
configure:17160: $? = 0
configure:17167: result: time.h
configure:17175: checking for int8
configure:17175: gcc -c -fsanitize=address,undefined -g0 -fno-omit-frame-pointer -Wall -W  conftest.c >&5
conftest.c: In function 'main':
conftest.c:44:13: error: 'int8' undeclared (first use in this function); did you mean 'int'?
   44 | if (sizeof (int8))
      |             ^~~~
      |             int
conftest.c:44:13: note: each undeclared identifier is reported only once for each function it appears in
configure:17175: $? = 1
configure: failed program was:
| /* confdefs.h */
| #define PACKAGE_NAME "LibTIFF Software"
| #define PACKAGE_TARNAME "tiff"
| #define PACKAGE_VERSION "3.9.7"
| #define PACKAGE_STRING "LibTIFF Software 3.9.7"
| #define PACKAGE_BUGREPORT "tiff@lists.maptools.org"
| #define PACKAGE_URL ""
| #define PACKAGE "tiff"
| #define VERSION "3.9.7"
| #define STDC_HEADERS 1
| #define HAVE_SYS_TYPES_H 1
| #define HAVE_SYS_STAT_H 1
| #define HAVE_STDLIB_H 1
| #define HAVE_STRING_H 1
| #define HAVE_MEMORY_H 1
| #define HAVE_STRINGS_H 1
| #define HAVE_INTTYPES_H 1
| #define HAVE_STDINT_H 1
| #define HAVE_UNISTD_H 1
| #define HAVE_DLFCN_H 1
| #define LT_OBJDIR ".libs/"
| #define HAVE_LIBC 1
| #define HAVE_LIBM 1
| #define HAVE_ASSERT_H 1
| #define HAVE_FCNTL_H 1
| #define HAVE_LIMITS_H 1
| #define HAVE_MALLOC_H 1
| #define HAVE_SEARCH_H 1
| #define HAVE_SYS_TIME_H 1
| #define HAVE_UNISTD_H 1
| #define SIZEOF_INT 4
| #define SIZEOF_LONG 8
| #define TIME_WITH_SYS_TIME 1
| /* end confdefs.h.  */
| 
| #if HAVE_INTTYPES_H
| # include <inttypes.h>
| #endif
| 
| 
| int
| main ()
| {
| if (sizeof (int8))
| 	 return 0;
|   ;
|   return 0;
| }
configure:17175: result: no
configure:17189: checking for int16
configure:17189: gcc -c -fsanitize=address,undefined -g0 -fno-omit-frame-pointer -Wall -W  conftest.c >&5
conftest.c: In function 'main':
conftest.c:44:13: error: 'int16' undeclared (first use in this function); did you mean 'int16_t'?
   44 | if (sizeof (int16))
      |             ^~~~~
      |             int16_t
conftest.c:44:13: note: each undeclared identifier is reported only once for each function it appears in
configure:17189: $? = 1
configure: failed program was:
| /* confdefs.h */
| #define PACKAGE_NAME "LibTIFF Software"
| #define PACKAGE_TARNAME "tiff"
| #define PACKAGE_VERSION "3.9.7"
| #define PACKAGE_STRING "LibTIFF Software 3.9.7"
| #define PACKAGE_BUGREPORT "tiff@lists.maptools.org"
| #define PACKAGE_URL ""
| #define PACKAGE "tiff"
| #define VERSION "3.9.7"
| #define STDC_HEADERS 1
| #define HAVE_SYS_TYPES_H 1
| #define HAVE_SYS_STAT_H 1
| #define HAVE_STDLIB_H 1
| #define HAVE_STRING_H 1
| #define HAVE_MEMORY_H 1
| #define HAVE_STRINGS_H 1
| #define HAVE_INTTYPES_H 1
| #define HAVE_STDINT_H 1
| #define HAVE_UNISTD_H 1
| #define HAVE_DLFCN_H 1
| #define LT_OBJDIR ".libs/"
| #define HAVE_LIBC 1
| #define HAVE_LIBM 1
| #define HAVE_ASSERT_H 1
| #define HAVE_FCNTL_H 1
| #define HAVE_LIMITS_H 1
| #define HAVE_MALLOC_H 1
| #define HAVE_SEARCH_H 1
| #define HAVE_SYS_TIME_H 1
| #define HAVE_UNISTD_H 1
| #define SIZEOF_INT 4
| #define SIZEOF_LONG 8
| #define TIME_WITH_SYS_TIME 1
| /* end confdefs.h.  */
| 
| #if HAVE_INTTYPES_H
| # include <inttypes.h>
| #endif
| 
| 
| int
| main ()
| {
| if (sizeof (int16))
| 	 return 0;
|   ;
|   return 0;
| }
configure:17189: result: no
configure:17203: checking for int32
configure:17203: gcc -c -fsanitize=address,undefined -g0 -fno-omit-frame-pointer -Wall -W  conftest.c >&5
conftest.c: In function 'main':
conftest.c:44:13: error: 'int32' undeclared (first use in this function); did you mean 'int32_t'?
   44 | if (sizeof (int32))
      |             ^~~~~
      |             int32_t
conftest.c:44:13: note: each undeclared identifier is reported only once for each function it appears in
configure:17203: $? = 1
configure: failed program was:
| /* confdefs.h */
| #define PACKAGE_NAME "LibTIFF Software"
| #define PACKAGE_TARNAME "tiff"
| #define PACKAGE_VERSION "3.9.7"
| #define PACKAGE_STRING "LibTIFF Software 3.9.7"
| #define PACKAGE_BUGREPORT "tiff@lists.maptools.org"
| #define PACKAGE_URL ""
| #define PACKAGE "tiff"
| #define VERSION "3.9.7"
| #define STDC_HEADERS 1
| #define HAVE_SYS_TYPES_H 1
| #define HAVE_SYS_STAT_H 1
| #define HAVE_STDLIB_H 1
| #define HAVE_STRING_H 1
| #define HAVE_MEMORY_H 1
| #define HAVE_STRINGS_H 1
| #define HAVE_INTTYPES_H 1
| #define HAVE_STDINT_H 1
| #define HAVE_UNISTD_H 1
| #define HAVE_DLFCN_H 1
| #define LT_OBJDIR ".libs/"
| #define HAVE_LIBC 1
| #define HAVE_LIBM 1
| #define HAVE_ASSERT_H 1
| #define HAVE_FCNTL_H 1
| #define HAVE_LIMITS_H 1
| #define HAVE_MALLOC_H 1
| #define HAVE_SEARCH_H 1
| #define HAVE_SYS_TIME_H 1
| #define HAVE_UNISTD_H 1
| #define SIZEOF_INT 4
| #define SIZEOF_LONG 8
| #define TIME_WITH_SYS_TIME 1
| /* end confdefs.h.  */
| 
| #if HAVE_INTTYPES_H
| # include <inttypes.h>
| #endif
| 
| 
| int
| main ()
| {
| if (sizeof (int32))
| 	 return 0;
|   ;
|   return 0;
| }
configure:17203: result: no
configure:17224: checking size of signed long
configure:17229: gcc -o conftest -fsanitize=address,undefined -g0 -fno-omit-frame-pointer -Wall -W  -fsanitize=address,undefined conftest.c -lm -lc  >&5
configure:17229: $? = 0
configure:17229: ./conftest
configure:17229: $? = 0
configure:17243: result: 8
configure:17259: checking size of unsigned long
configure:17264: gcc -o conftest -fsanitize=address,undefined -g0 -fno-omit-frame-pointer -Wall -W  -fsanitize=address,undefined conftest.c -lm -lc  >&5
configure:17264: $? = 0
configure:17264: ./conftest
configure:17264: $? = 0
configure:17278: result: 8
configure:17295: checking size of signed long long
configure:17300: gcc -o conftest -fsanitize=address,undefined -g0 -fno-omit-frame-pointer -Wall -W  -fsanitize=address,undefined conftest.c -lm -lc  >&5
configure:17300: $? = 0
configure:17300: ./conftest
configure:17300: $? = 0
configure:17314: result: 8
configure:17332: checking size of unsigned long long
configure:17337: gcc -o conftest -fsanitize=address,undefined -g0 -fno-omit-frame-pointer -Wall -W  -fsanitize=address,undefined conftest.c -lm -lc  >&5
configure:17337: $? = 0
configure:17337: ./conftest
configure:17337: $? = 0
configure:17351: result: 8
configure:17362: checking for signed 64-bit type
configure:17375: result: signed long
configure:17388: checking for unsigned 64-bit type
configure:17401: result: unsigned long
configure:17417: checking for floor
configure:17417: gcc -o conftest -fsanitize=address,undefined -g0 -fno-omit-frame-pointer -Wall -W  -fsanitize=address,undefined conftest.c -lm -lc  >&5
conftest.c:66:6: warning: conflicting types for built-in function 'floor'; expected 'double(double)' [-Wbuiltin-declaration-mismatch]
   66 | char floor ();
      |      ^~~~~
conftest.c:54:1: note: 'floor' is declared in header '<math.h>'
   53 | # include <limits.h>
   54 | #else
configure:17417: $? = 0
configure:17417: result: yes
configure:17417: checking for isascii
configure:17417: gcc -o conftest -fsanitize=address,undefined -g0 -fno-omit-frame-pointer -Wall -W  -fsanitize=address,undefined conftest.c -lm -lc  >&5
conftest.c:67:6: warning: conflicting types for built-in function 'isascii'; expected 'int(int)' [-Wbuiltin-declaration-mismatch]
   67 | char isascii ();
      |      ^~~~~~~
configure:17417: $? = 0
configure:17417: result: yes
configure:17417: checking for memmove
configure:17417: gcc -o conftest -fsanitize=address,undefined -g0 -fno-omit-frame-pointer -Wall -W  -fsanitize=address,undefined conftest.c -lm -lc  >&5
conftest.c:68:6: warning: conflicting types for built-in function 'memmove'; expected 'void *(void *, const void *, long unsigned int)' [-Wbuiltin-declaration-mismatch]
   68 | char memmove ();
      |      ^~~~~~~
conftest.c:56:1: note: 'memmove' is declared in header '<string.h>'
   55 | # include <limits.h>
   56 | #else
configure:17417: $? = 0
configure:17417: result: yes
configure:17417: checking for memset
configure:17417: gcc -o conftest -fsanitize=address,undefined -g0 -fno-omit-frame-pointer -Wall -W  -fsanitize=address,undefined conftest.c -lm -lc  >&5
conftest.c:69:6: warning: conflicting types for built-in function 'memset'; expected 'void *(void *, int,  long unsigned int)' [-Wbuiltin-declaration-mismatch]
   69 | char memset ();
      |      ^~~~~~
conftest.c:57:1: note: 'memset' is declared in header '<string.h>'
   56 | # include <limits.h>
   57 | #else
configure:17417: $? = 0
configure:17417: result: yes
configure:17417: checking for mmap
configure:17417: gcc -o conftest -fsanitize=address,undefined -g0 -fno-omit-frame-pointer -Wall -W  -fsanitize=address,undefined conftest.c -lm -lc  >&5
configure:17417: $? = 0
configure:17417: result: yes
configure:17417: checking for pow
configure:17417: gcc -o conftest -fsanitize=address,undefined -g0 -fno-omit-frame-pointer -Wall -W  -fsanitize=address,undefined conftest.c -lm -lc  >&5
conftest.c:71:6: warning: conflicting types for built-in function 'pow'; expected 'double(double,  double)' [-Wbuiltin-declaration-mismatch]
   71 | char pow ();
      |      ^~~
conftest.c:59:1: note: 'pow' is declared in header '<math.h>'
   58 | # include <limits.h>
   59 | #else
configure:17417: $? = 0
configure:17417: result: yes
configure:17417: checking for setmode
configure:17417: gcc -o conftest -fsanitize=address,undefined -g0 -fno-omit-frame-pointer -Wall -W  -fsanitize=address,undefined conftest.c -lm -lc  >&5
/usr/bin/ld: /tmp/ccJp8z9s.o: in function `main':
conftest.c:(.text+0xe): undefined reference to `setmode'
collect2: error: ld returned 1 exit status
configure:17417: $? = 1
configure: failed program was:
| /* confdefs.h */
| #define PACKAGE_NAME "LibTIFF Software"
| #define PACKAGE_TARNAME "tiff"
| #define PACKAGE_VERSION "3.9.7"
| #define PACKAGE_STRING "LibTIFF Software 3.9.7"
| #define PACKAGE_BUGREPORT "tiff@lists.maptools.org"
| #define PACKAGE_URL ""
| #define PACKAGE "tiff"
| #define VERSION "3.9.7"
| #define STDC_HEADERS 1
| #define HAVE_SYS_TYPES_H 1
| #define HAVE_SYS_STAT_H 1
| #define HAVE_STDLIB_H 1
| #define HAVE_STRING_H 1
| #define HAVE_MEMORY_H 1
| #define HAVE_STRINGS_H 1
| #define HAVE_INTTYPES_H 1
| #define HAVE_STDINT_H 1
| #define HAVE_UNISTD_H 1
| #define HAVE_DLFCN_H 1
| #define LT_OBJDIR ".libs/"
| #define HAVE_LIBC 1
| #define HAVE_LIBM 1
| #define HAVE_ASSERT_H 1
| #define HAVE_FCNTL_H 1
| #define HAVE_LIMITS_H 1
| #define HAVE_MALLOC_H 1
| #define HAVE_SEARCH_H 1
| #define HAVE_SYS_TIME_H 1
| #define HAVE_UNISTD_H 1
| #define SIZEOF_INT 4
| #define SIZEOF_LONG 8
| #define TIME_WITH_SYS_TIME 1
| #define SIZEOF_SIGNED_LONG 8
| #define SIZEOF_UNSIGNED_LONG 8
| #define SIZEOF_SIGNED_LONG_LONG 8
| #define SIZEOF_UNSIGNED_LONG_LONG 8
| #define TIFF_INT64_T signed long
| #define TIFF_INT64_FORMAT "%ld"
| #define TIFF_UINT64_T unsigned long
| #define TIFF_UINT64_FORMAT "%lu"
| #define HAVE_FLOOR 1
| #define HAVE_ISASCII 1
| #define HAVE_MEMMOVE 1
| #define HAVE_MEMSET 1
| #define HAVE_MMAP 1
| #define HAVE_POW 1
| /* end confdefs.h.  */
| /* Define setmode to an innocuous variant, in case <limits.h> declares setmode.
|    For example, HP-UX 11i <limits.h> declares gettimeofday.  */
| #define setmode innocuous_setmode
| 
| /* System header to define __stub macros and hopefully few prototypes,
|     which can conflict with char setmode (); below.
|     Prefer <limits.h> to <assert.h> if __STDC__ is defined, since
|     <limits.h> exists even on freestanding compilers.  */
| 
| #ifdef __STDC__
| # include <limits.h>
| #else
| # include <assert.h>
| #endif
| 
| #undef setmode
| 
| /* Override any GCC internal prototype to avoid an error.
|    Use char because int might match the return type of a GCC
|    builtin and then its argument prototype would still apply.  */
| #ifdef __cplusplus
| extern "C"
| #endif
| char setmode ();
| /* The GNU C library defines this for functions which it implements
|     to always fail with ENOSYS.  Some functions are actually named
|     something starting with __ and the normal name is an alias.  */
| #if defined __stub_setmode || defined __stub___setmode
| choke me
| #endif
| 
| int
| main ()
| {
| return setmode ();
|   ;
|   return 0;
| }
configure:17417: result: no
configure:17417: checking for sqrt
configure:17417: gcc -o conftest -fsanitize=address,undefined -g0 -fno-omit-frame-pointer -Wall -W  -fsanitize=address,undefined conftest.c -lm -lc  >&5
conftest.c:72:6: warning: conflicting types for built-in function 'sqrt'; expected 'double(double)' [-Wbuiltin-declaration-mismatch]
   72 | char sqrt ();
      |      ^~~~
conftest.c:60:1: note: 'sqrt' is declared in header '<math.h>'
   59 | # include <limits.h>
   60 | #else
configure:17417: $? = 0
configure:17417: result: yes
configure:17417: checking for strchr
configure:17417: gcc -o conftest -fsanitize=address,undefined -g0 -fno-omit-frame-pointer -Wall -W  -fsanitize=address,undefined conftest.c -lm -lc  >&5
conftest.c:73:6: warning: conflicting types for built-in function 'strchr'; expected 'char *(const char *, int)' [-Wbuiltin-declaration-mismatch]
   73 | char strchr ();
      |      ^~~~~~
conftest.c:61:1: note: 'strchr' is declared in header '<string.h>'
   60 | # include <limits.h>
   61 | #else
configure:17417: $? = 0
configure:17417: result: yes
configure:17417: checking for strrchr
configure:17417: gcc -o conftest -fsanitize=address,undefined -g0 -fno-omit-frame-pointer -Wall -W  -fsanitize=address,undefined conftest.c -lm -lc  >&5
conftest.c:74:6: warning: conflicting types for built-in function 'strrchr'; expected 'char *(const char *, int)' [-Wbuiltin-declaration-mismatch]
   74 | char strrchr ();
      |      ^~~~~~~
conftest.c:62:1: note: 'strrchr' is declared in header '<string.h>'
   61 | # include <limits.h>
   62 | #else
configure:17417: $? = 0
configure:17417: result: yes
configure:17417: checking for strstr
configure:17417: gcc -o conftest -fsanitize=address,undefined -g0 -fno-omit-frame-pointer -Wall -W  -fsanitize=address,undefined conftest.c -lm -lc  >&5
conftest.c:75:6: warning: conflicting types for built-in function 'strstr'; expected 'char *(const char *, const char *)' [-Wbuiltin-declaration-mismatch]
   75 | char strstr ();
      |      ^~~~~~
conftest.c:63:1: note: 'strstr' is declared in header '<string.h>'
   62 | # include <limits.h>
   63 | #else
configure:17417: $? = 0
configure:17417: result: yes
configure:17417: checking for strtol
configure:17417: gcc -o conftest -fsanitize=address,undefined -g0 -fno-omit-frame-pointer -Wall -W  -fsanitize=address,undefined conftest.c -lm -lc  >&5
configure:17417: $? = 0
configure:17417: result: yes
configure:17427: checking for getopt
configure:17427: gcc -o conftest -fsanitize=address,undefined -g0 -fno-omit-frame-pointer -Wall -W  -fsanitize=address,undefined conftest.c -lm -lc  >&5
configure:17427: $? = 0
configure:17427: result: yes
configure:17441: checking for strcasecmp
configure:17441: gcc -o conftest -fsanitize=address,undefined -g0 -fno-omit-frame-pointer -Wall -W  -fsanitize=address,undefined conftest.c -lm -lc  >&5
conftest.c:78:6: warning: conflicting types for built-in function 'strcasecmp'; expected 'int(const char *, const char *)' [-Wbuiltin-declaration-mismatch]
   78 | char strcasecmp ();
      |      ^~~~~~~~~~
configure:17441: $? = 0
configure:17441: result: yes
configure:17455: checking for strtoul
configure:17455: gcc -o conftest -fsanitize=address,undefined -g0 -fno-omit-frame-pointer -Wall -W  -fsanitize=address,undefined conftest.c -lm -lc  >&5
configure:17455: $? = 0
configure:17455: result: yes
configure:17469: checking for lfind
configure:17469: gcc -o conftest -fsanitize=address,undefined -g0 -fno-omit-frame-pointer -Wall -W  -fsanitize=address,undefined conftest.c -lm -lc  >&5
configure:17469: $? = 0
configure:17469: result: yes
configure:17484: checking native cpu bit order
configure:17489: result: lsb2msb
configure:17550: checking for special C compiler options needed for large files
configure:17595: result: no
configure:17601: checking for _FILE_OFFSET_BITS value needed for large files
configure:17626: gcc -c -fsanitize=address,undefined -g0 -fno-omit-frame-pointer -Wall -W  conftest.c >&5
configure:17626: $? = 0
configure:17658: result: no
configure:17888: checking for inflateEnd in -lz
configure:17913: gcc -o conftest -fsanitize=address,undefined -g0 -fno-omit-frame-pointer -Wall -W  -fsanitize=address,undefined conftest.c -lz  -lm -lc  >&5
configure:17913: $? = 0
configure:17922: result: yes
configure:17937: checking zlib.h usability
configure:17937: gcc -c -fsanitize=address,undefined -g0 -fno-omit-frame-pointer -Wall -W  conftest.c >&5
configure:17937: $? = 0
configure:17937: result: yes
configure:17937: checking zlib.h presence
configure:17937: gcc -E  conftest.c
configure:17937: $? = 0
configure:17937: result: yes
configure:17937: checking for zlib.h
configure:17937: result: yes
configure:18012: checking for jpeg_read_scanlines in -ljpeg
configure:18037: gcc -o conftest -fsanitize=address,undefined -g0 -fno-omit-frame-pointer -Wall -W  -fsanitize=address,undefined conftest.c -ljpeg  -lz -lm -lc  >&5
configure:18037: $? = 0
configure:18046: result: yes
configure:18061: checking jpeglib.h usability
configure:18061: gcc -c -fsanitize=address,undefined -g0 -fno-omit-frame-pointer -Wall -W  conftest.c >&5
configure:18061: $? = 0
configure:18061: result: yes
configure:18061: checking jpeglib.h presence
configure:18061: gcc -E  conftest.c
configure:18061: $? = 0
configure:18061: result: yes
configure:18061: checking for jpeglib.h
configure:18061: result: yes
configure:18136: checking for jbg_dec_init in -ljbig
configure:18161: gcc -o conftest -fsanitize=address,undefined -g0 -fno-omit-frame-pointer -Wall -W  -fsanitize=address,undefined conftest.c -ljbig  -ljpeg -lz -lm -lc  >&5
configure:18161: $? = 0
configure:18170: result: yes
configure:18185: checking jbig.h usability
configure:18185: gcc -c -fsanitize=address,undefined -g0 -fno-omit-frame-pointer -Wall -W  conftest.c >&5
configure:18185: $? = 0
configure:18185: result: yes
configure:18185: checking jbig.h presence
configure:18185: gcc -E  conftest.c
configure:18185: $? = 0
configure:18185: result: yes
configure:18185: checking for jbig.h
configure:18185: result: yes
configure:18216: checking for jbg_newlen
configure:18216: gcc -o conftest -fsanitize=address,undefined -g0 -fno-omit-frame-pointer -Wall -W  -fsanitize=address,undefined conftest.c -ljbig -ljpeg -lz -lm -lc  >&5
configure:18216: $? = 0
configure:18216: result: yes
configure:18257: checking for X
configure:18435: result: disabled
configure:19105: checking for the pthreads library -lpthreads
configure:19138: gcc -o conftest -fsanitize=address,undefined -g0 -fno-omit-frame-pointer -Wall -W   -fsanitize=address,undefined conftest.c -lpthreads -ljbig -ljpeg -lz -lm -lc  >&5
conftest.c: In function 'main':
conftest.c:81:22: warning: argument 1 null where non-null expected [-Wnonnull]
   81 |                      pthread_attr_init(0); pthread_cleanup_push(0, 0);
      |                      ^~~~~~~~~~~~~~~~~
In file included from conftest.c:76:
/usr/include/pthread.h:285:12: note: in a call to function 'pthread_attr_init' declared 'nonnull'
  285 | extern int pthread_attr_init (pthread_attr_t *__attr) __THROW __nonnull ((1));
      |            ^~~~~~~~~~~~~~~~~
conftest.c:82:22: warning: argument 1 null where non-null expected [-Wnonnull]
   82 |                      pthread_create(0,0,0,0); pthread_cleanup_pop(0);
      |                      ^~~~~~~~~~~~~~
In file included from conftest.c:76:
/usr/include/pthread.h:202:12: note: in a call to function 'pthread_create' declared 'nonnull'
  202 | extern int pthread_create (pthread_t *__restrict __newthread,
      |            ^~~~~~~~~~~~~~
conftest.c:82:22: warning: argument 3 null where non-null expected [-Wnonnull]
   82 |                      pthread_create(0,0,0,0); pthread_cleanup_pop(0);
      |                      ^~~~~~~~~~~~~~
In file included from conftest.c:76:
/usr/include/pthread.h:202:12: note: in a call to function 'pthread_create' declared 'nonnull'
  202 | extern int pthread_create (pthread_t *__restrict __newthread,
      |            ^~~~~~~~~~~~~~
conftest.c:80:15: warning: 'th' is used uninitialized [-Wuninitialized]
   80 | pthread_t th; pthread_join(th, 0);
      |               ^~~~~~~~~~~~~~~~~~~
/usr/bin/ld: cannot find -lpthreads: No such file or directory
collect2: error: ld returned 1 exit status
configure:19138: $? = 1
configure: failed program was:
| /* confdefs.h */
| #define PACKAGE_NAME "LibTIFF Software"
| #define PACKAGE_TARNAME "tiff"
| #define PACKAGE_VERSION "3.9.7"
| #define PACKAGE_STRING "LibTIFF Software 3.9.7"
| #define PACKAGE_BUGREPORT "tiff@lists.maptools.org"
| #define PACKAGE_URL ""
| #define PACKAGE "tiff"
| #define VERSION "3.9.7"
| #define STDC_HEADERS 1
| #define HAVE_SYS_TYPES_H 1
| #define HAVE_SYS_STAT_H 1
| #define HAVE_STDLIB_H 1
| #define HAVE_STRING_H 1
| #define HAVE_MEMORY_H 1
| #define HAVE_STRINGS_H 1
| #define HAVE_INTTYPES_H 1
| #define HAVE_STDINT_H 1
| #define HAVE_UNISTD_H 1
| #define HAVE_DLFCN_H 1
| #define LT_OBJDIR ".libs/"
| #define HAVE_LIBC 1
| #define HAVE_LIBM 1
| #define HAVE_ASSERT_H 1
| #define HAVE_FCNTL_H 1
| #define HAVE_LIMITS_H 1
| #define HAVE_MALLOC_H 1
| #define HAVE_SEARCH_H 1
| #define HAVE_SYS_TIME_H 1
| #define HAVE_UNISTD_H 1
| #define SIZEOF_INT 4
| #define SIZEOF_LONG 8
| #define TIME_WITH_SYS_TIME 1
| #define SIZEOF_SIGNED_LONG 8
| #define SIZEOF_UNSIGNED_LONG 8
| #define SIZEOF_SIGNED_LONG_LONG 8
| #define SIZEOF_UNSIGNED_LONG_LONG 8
| #define TIFF_INT64_T signed long
| #define TIFF_INT64_FORMAT "%ld"
| #define TIFF_UINT64_T unsigned long
| #define TIFF_UINT64_FORMAT "%lu"
| #define HAVE_FLOOR 1
| #define HAVE_ISASCII 1
| #define HAVE_MEMMOVE 1
| #define HAVE_MEMSET 1
| #define HAVE_MMAP 1
| #define HAVE_POW 1
| #define HAVE_SQRT 1
| #define HAVE_STRCHR 1
| #define HAVE_STRRCHR 1
| #define HAVE_STRSTR 1
| #define HAVE_STRTOL 1
| #define HAVE_GETOPT 1
| #define HAVE_STRCASECMP 1
| #define HAVE_STRTOUL 1
| #define HAVE_LFIND 1
| #define HOST_FILLORDER FILLORDER_LSB2MSB
| #define HOST_BIGENDIAN 0
| #define HAVE_IEEEFP 1
| #define CCITT_SUPPORT 1
| #define PACKBITS_SUPPORT 1
| #define LZW_SUPPORT 1
| #define THUNDER_SUPPORT 1
| #define NEXT_SUPPORT 1
| #define LOGLUV_SUPPORT 1
| #define MDI_SUPPORT 1
| #define ZIP_SUPPORT 1
| #define PIXARLOG_SUPPORT 1
| #define JPEG_SUPPORT 1
| #define OJPEG_SUPPORT 1
| #define JBIG_SUPPORT 1
| #define HAVE_JBG_NEWLEN 1
| #define CXX_SUPPORT 1
| #define X_DISPLAY_MISSING 1
| /* end confdefs.h.  */
| #include <pthread.h>
| int
| main ()
| {
| pthread_t th; pthread_join(th, 0);
|                      pthread_attr_init(0); pthread_cleanup_push(0, 0);
|                      pthread_create(0,0,0,0); pthread_cleanup_pop(0);
|   ;
|   return 0;
| }
configure:19147: result: no
configure:19050: checking whether pthreads work without any flags
configure:19138: gcc -o conftest -fsanitize=address,undefined -g0 -fno-omit-frame-pointer -Wall -W   -fsanitize=address,undefined conftest.c  -ljbig -ljpeg -lz -lm -lc  >&5
conftest.c: In function 'main':
conftest.c:81:22: warning: argument 1 null where non-null expected [-Wnonnull]
   81 |                      pthread_attr_init(0); pthread_cleanup_push(0, 0);
      |                      ^~~~~~~~~~~~~~~~~
In file included from conftest.c:76:
/usr/include/pthread.h:285:12: note: in a call to function 'pthread_attr_init' declared 'nonnull'
  285 | extern int pthread_attr_init (pthread_attr_t *__attr) __THROW __nonnull ((1));
      |            ^~~~~~~~~~~~~~~~~
conftest.c:82:22: warning: argument 1 null where non-null expected [-Wnonnull]
   82 |                      pthread_create(0,0,0,0); pthread_cleanup_pop(0);
      |                      ^~~~~~~~~~~~~~
In file included from conftest.c:76:
/usr/include/pthread.h:202:12: note: in a call to function 'pthread_create' declared 'nonnull'
  202 | extern int pthread_create (pthread_t *__restrict __newthread,
      |            ^~~~~~~~~~~~~~
conftest.c:82:22: warning: argument 3 null where non-null expected [-Wnonnull]
   82 |                      pthread_create(0,0,0,0); pthread_cleanup_pop(0);
      |                      ^~~~~~~~~~~~~~
In file included from conftest.c:76:
/usr/include/pthread.h:202:12: note: in a call to function 'pthread_create' declared 'nonnull'
  202 | extern int pthread_create (pthread_t *__restrict __newthread,
      |            ^~~~~~~~~~~~~~
conftest.c:80:15: warning: 'th' is used uninitialized [-Wuninitialized]
   80 | pthread_t th; pthread_join(th, 0);
      |               ^~~~~~~~~~~~~~~~~~~
configure:19138: $? = 0
configure:19147: result: yes
configure:19166: checking for joinable pthread attribute
configure:19181: gcc -o conftest -fsanitize=address,undefined -g0 -fno-omit-frame-pointer -Wall -W   -fsanitize=address,undefined conftest.c  -ljbig -ljpeg -lz -lm -lc  >&5
conftest.c: In function 'main':
conftest.c:80:5: warning: unused variable 'attr' [-Wunused-variable]
   80 | int attr=PTHREAD_CREATE_JOINABLE;
      |     ^~~~
configure:19181: $? = 0
configure:19187: result: PTHREAD_CREATE_JOINABLE
configure:19197: checking if more special flags are required for pthreads
configure:19204: result: no
configure:19216: checking for cc_r
configure:19244: result: gcc
configure:19302: checking whether we are using the Microsoft C compiler
configure:19321: gcc -c -fsanitize=address,undefined -g0 -fno-omit-frame-pointer -Wall -W  conftest.c >&5
conftest.c: In function 'main':
conftest.c:82:8: error: unknown type name 'choke'
   82 |        choke me
      |        ^~~~~
conftest.c:82:14: warning: unused variable 'me' [-Wunused-variable]
   82 |        choke me
      |              ^~
configure:19321: $? = 1
configure: failed program was:
| /* confdefs.h */
| #define PACKAGE_NAME "LibTIFF Software"
| #define PACKAGE_TARNAME "tiff"
| #define PACKAGE_VERSION "3.9.7"
| #define PACKAGE_STRING "LibTIFF Software 3.9.7"
| #define PACKAGE_BUGREPORT "tiff@lists.maptools.org"
| #define PACKAGE_URL ""
| #define PACKAGE "tiff"
| #define VERSION "3.9.7"
| #define STDC_HEADERS 1
| #define HAVE_SYS_TYPES_H 1
| #define HAVE_SYS_STAT_H 1
| #define HAVE_STDLIB_H 1
| #define HAVE_STRING_H 1
| #define HAVE_MEMORY_H 1
| #define HAVE_STRINGS_H 1
| #define HAVE_INTTYPES_H 1
| #define HAVE_STDINT_H 1
| #define HAVE_UNISTD_H 1
| #define HAVE_DLFCN_H 1
| #define LT_OBJDIR ".libs/"
| #define HAVE_LIBC 1
| #define HAVE_LIBM 1
| #define HAVE_ASSERT_H 1
| #define HAVE_FCNTL_H 1
| #define HAVE_LIMITS_H 1
| #define HAVE_MALLOC_H 1
| #define HAVE_SEARCH_H 1
| #define HAVE_SYS_TIME_H 1
| #define HAVE_UNISTD_H 1
| #define SIZEOF_INT 4
| #define SIZEOF_LONG 8
| #define TIME_WITH_SYS_TIME 1
| #define SIZEOF_SIGNED_LONG 8
| #define SIZEOF_UNSIGNED_LONG 8
| #define SIZEOF_SIGNED_LONG_LONG 8
| #define SIZEOF_UNSIGNED_LONG_LONG 8
| #define TIFF_INT64_T signed long
| #define TIFF_INT64_FORMAT "%ld"
| #define TIFF_UINT64_T unsigned long
| #define TIFF_UINT64_FORMAT "%lu"
| #define HAVE_FLOOR 1
| #define HAVE_ISASCII 1
| #define HAVE_MEMMOVE 1
| #define HAVE_MEMSET 1
| #define HAVE_MMAP 1
| #define HAVE_POW 1
| #define HAVE_SQRT 1
| #define HAVE_STRCHR 1
| #define HAVE_STRRCHR 1
| #define HAVE_STRSTR 1
| #define HAVE_STRTOL 1
| #define HAVE_GETOPT 1
| #define HAVE_STRCASECMP 1
| #define HAVE_STRTOUL 1
| #define HAVE_LFIND 1
| #define HOST_FILLORDER FILLORDER_LSB2MSB
| #define HOST_BIGENDIAN 0
| #define HAVE_IEEEFP 1
| #define CCITT_SUPPORT 1
| #define PACKBITS_SUPPORT 1
| #define LZW_SUPPORT 1
| #define THUNDER_SUPPORT 1
| #define NEXT_SUPPORT 1
| #define LOGLUV_SUPPORT 1
| #define MDI_SUPPORT 1
| #define ZIP_SUPPORT 1
| #define PIXARLOG_SUPPORT 1
| #define JPEG_SUPPORT 1
| #define OJPEG_SUPPORT 1
| #define JBIG_SUPPORT 1
| #define HAVE_JBG_NEWLEN 1
| #define CXX_SUPPORT 1
| #define X_DISPLAY_MISSING 1
| #define HAVE_PTHREAD 1
| /* end confdefs.h.  */
| 
| int
| main ()
| {
| #ifndef _MSC_VER
|        choke me
| #endif
| 
|   ;
|   return 0;
| }
configure:19330: result: no
configure:19352: checking windows.h usability
configure:19352: gcc -c -fsanitize=address,undefined -g0 -fno-omit-frame-pointer -Wall -W  conftest.c >&5
conftest.c:110:10: fatal error: windows.h: No such file or directory
  110 | #include <windows.h>
      |          ^~~~~~~~~~~
compilation terminated.
configure:19352: $? = 1
configure: failed program was:
| /* confdefs.h */
| #define PACKAGE_NAME "LibTIFF Software"
| #define PACKAGE_TARNAME "tiff"
| #define PACKAGE_VERSION "3.9.7"
| #define PACKAGE_STRING "LibTIFF Software 3.9.7"
| #define PACKAGE_BUGREPORT "tiff@lists.maptools.org"
| #define PACKAGE_URL ""
| #define PACKAGE "tiff"
| #define VERSION "3.9.7"
| #define STDC_HEADERS 1
| #define HAVE_SYS_TYPES_H 1
| #define HAVE_SYS_STAT_H 1
| #define HAVE_STDLIB_H 1
| #define HAVE_STRING_H 1
| #define HAVE_MEMORY_H 1
| #define HAVE_STRINGS_H 1
| #define HAVE_INTTYPES_H 1
| #define HAVE_STDINT_H 1
| #define HAVE_UNISTD_H 1
| #define HAVE_DLFCN_H 1
| #define LT_OBJDIR ".libs/"
| #define HAVE_LIBC 1
| #define HAVE_LIBM 1
| #define HAVE_ASSERT_H 1
| #define HAVE_FCNTL_H 1
| #define HAVE_LIMITS_H 1
| #define HAVE_MALLOC_H 1
| #define HAVE_SEARCH_H 1
| #define HAVE_SYS_TIME_H 1
| #define HAVE_UNISTD_H 1
| #define SIZEOF_INT 4
| #define SIZEOF_LONG 8
| #define TIME_WITH_SYS_TIME 1
| #define SIZEOF_SIGNED_LONG 8
| #define SIZEOF_UNSIGNED_LONG 8
| #define SIZEOF_SIGNED_LONG_LONG 8
| #define SIZEOF_UNSIGNED_LONG_LONG 8
| #define TIFF_INT64_T signed long
| #define TIFF_INT64_FORMAT "%ld"
| #define TIFF_UINT64_T unsigned long
| #define TIFF_UINT64_FORMAT "%lu"
| #define HAVE_FLOOR 1
| #define HAVE_ISASCII 1
| #define HAVE_MEMMOVE 1
| #define HAVE_MEMSET 1
| #define HAVE_MMAP 1
| #define HAVE_POW 1
| #define HAVE_SQRT 1
| #define HAVE_STRCHR 1
| #define HAVE_STRRCHR 1
| #define HAVE_STRSTR 1
| #define HAVE_STRTOL 1
| #define HAVE_GETOPT 1
| #define HAVE_STRCASECMP 1
| #define HAVE_STRTOUL 1
| #define HAVE_LFIND 1
| #define HOST_FILLORDER FILLORDER_LSB2MSB
| #define HOST_BIGENDIAN 0
| #define HAVE_IEEEFP 1
| #define CCITT_SUPPORT 1
| #define PACKBITS_SUPPORT 1
| #define LZW_SUPPORT 1
| #define THUNDER_SUPPORT 1
| #define NEXT_SUPPORT 1
| #define LOGLUV_SUPPORT 1
| #define MDI_SUPPORT 1
| #define ZIP_SUPPORT 1
| #define PIXARLOG_SUPPORT 1
| #define JPEG_SUPPORT 1
| #define OJPEG_SUPPORT 1
| #define JBIG_SUPPORT 1
| #define HAVE_JBG_NEWLEN 1
| #define CXX_SUPPORT 1
| #define X_DISPLAY_MISSING 1
| #define HAVE_PTHREAD 1
| /* end confdefs.h.  */
| #include <stdio.h>
| #ifdef HAVE_SYS_TYPES_H
| # include <sys/types.h>
| #endif
| #ifdef HAVE_SYS_STAT_H
| # include <sys/stat.h>
| #endif
| #ifdef STDC_HEADERS
| # include <stdlib.h>
| # include <stddef.h>
| #else
| # ifdef HAVE_STDLIB_H
| #  include <stdlib.h>
| # endif
| #endif
| #ifdef HAVE_STRING_H
| # if !defined STDC_HEADERS && defined HAVE_MEMORY_H
| #  include <memory.h>
| # endif
| # include <string.h>
| #endif
| #ifdef HAVE_STRINGS_H
| # include <strings.h>
| #endif
| #ifdef HAVE_INTTYPES_H
| # include <inttypes.h>
| #endif
| #ifdef HAVE_STDINT_H
| # include <stdint.h>
| #endif
| #ifdef HAVE_UNISTD_H
| # include <unistd.h>
| #endif
| #include <windows.h>
configure:19352: result: no
configure:19352: checking windows.h presence
configure:19352: gcc -E  conftest.c
conftest.c:77:10: fatal error: windows.h: No such file or directory
   77 | #include <windows.h>
      |          ^~~~~~~~~~~
compilation terminated.
configure:19352: $? = 1
configure: failed program was:
| /* confdefs.h */
| #define PACKAGE_NAME "LibTIFF Software"
| #define PACKAGE_TARNAME "tiff"
| #define PACKAGE_VERSION "3.9.7"
| #define PACKAGE_STRING "LibTIFF Software 3.9.7"
| #define PACKAGE_BUGREPORT "tiff@lists.maptools.org"
| #define PACKAGE_URL ""
| #define PACKAGE "tiff"
| #define VERSION "3.9.7"
| #define STDC_HEADERS 1
| #define HAVE_SYS_TYPES_H 1
| #define HAVE_SYS_STAT_H 1
| #define HAVE_STDLIB_H 1
| #define HAVE_STRING_H 1
| #define HAVE_MEMORY_H 1
| #define HAVE_STRINGS_H 1
| #define HAVE_INTTYPES_H 1
| #define HAVE_STDINT_H 1
| #define HAVE_UNISTD_H 1
| #define HAVE_DLFCN_H 1
| #define LT_OBJDIR ".libs/"
| #define HAVE_LIBC 1
| #define HAVE_LIBM 1
| #define HAVE_ASSERT_H 1
| #define HAVE_FCNTL_H 1
| #define HAVE_LIMITS_H 1
| #define HAVE_MALLOC_H 1
| #define HAVE_SEARCH_H 1
| #define HAVE_SYS_TIME_H 1
| #define HAVE_UNISTD_H 1
| #define SIZEOF_INT 4
| #define SIZEOF_LONG 8
| #define TIME_WITH_SYS_TIME 1
| #define SIZEOF_SIGNED_LONG 8
| #define SIZEOF_UNSIGNED_LONG 8
| #define SIZEOF_SIGNED_LONG_LONG 8
| #define SIZEOF_UNSIGNED_LONG_LONG 8
| #define TIFF_INT64_T signed long
| #define TIFF_INT64_FORMAT "%ld"
| #define TIFF_UINT64_T unsigned long
| #define TIFF_UINT64_FORMAT "%lu"
| #define HAVE_FLOOR 1
| #define HAVE_ISASCII 1
| #define HAVE_MEMMOVE 1
| #define HAVE_MEMSET 1
| #define HAVE_MMAP 1
| #define HAVE_POW 1
| #define HAVE_SQRT 1
| #define HAVE_STRCHR 1
| #define HAVE_STRRCHR 1
| #define HAVE_STRSTR 1
| #define HAVE_STRTOL 1
| #define HAVE_GETOPT 1
| #define HAVE_STRCASECMP 1
| #define HAVE_STRTOUL 1
| #define HAVE_LFIND 1
| #define HOST_FILLORDER FILLORDER_LSB2MSB
| #define HOST_BIGENDIAN 0
| #define HAVE_IEEEFP 1
| #define CCITT_SUPPORT 1
| #define PACKBITS_SUPPORT 1
| #define LZW_SUPPORT 1
| #define THUNDER_SUPPORT 1
| #define NEXT_SUPPORT 1
| #define LOGLUV_SUPPORT 1
| #define MDI_SUPPORT 1
| #define ZIP_SUPPORT 1
| #define PIXARLOG_SUPPORT 1
| #define JPEG_SUPPORT 1
| #define OJPEG_SUPPORT 1
| #define JBIG_SUPPORT 1
| #define HAVE_JBG_NEWLEN 1
| #define CXX_SUPPORT 1
| #define X_DISPLAY_MISSING 1
| #define HAVE_PTHREAD 1
| /* end confdefs.h.  */
| #include <windows.h>
configure:19352: result: no
configure:19352: checking for windows.h
configure:19352: result: no
configure:19363: checking for OpenGL library
configure:19396: gcc -o conftest -fsanitize=address,undefined -g0 -fno-omit-frame-pointer -Wall -W   -fsanitize=address,undefined conftest.c -lopengl32  -lm -ljbig -ljpeg -lz -lm -lc  >&5
/usr/bin/ld: cannot find -lopengl32: No such file or directory
collect2: error: ld returned 1 exit status
configure:19396: $? = 1
configure: failed program was:
| /* confdefs.h */
| #define PACKAGE_NAME "LibTIFF Software"
| #define PACKAGE_TARNAME "tiff"
| #define PACKAGE_VERSION "3.9.7"
| #define PACKAGE_STRING "LibTIFF Software 3.9.7"
| #define PACKAGE_BUGREPORT "tiff@lists.maptools.org"
| #define PACKAGE_URL ""
| #define PACKAGE "tiff"
| #define VERSION "3.9.7"
| #define STDC_HEADERS 1
| #define HAVE_SYS_TYPES_H 1
| #define HAVE_SYS_STAT_H 1
| #define HAVE_STDLIB_H 1
| #define HAVE_STRING_H 1
| #define HAVE_MEMORY_H 1
| #define HAVE_STRINGS_H 1
| #define HAVE_INTTYPES_H 1
| #define HAVE_STDINT_H 1
| #define HAVE_UNISTD_H 1
| #define HAVE_DLFCN_H 1
| #define LT_OBJDIR ".libs/"
| #define HAVE_LIBC 1
| #define HAVE_LIBM 1
| #define HAVE_ASSERT_H 1
| #define HAVE_FCNTL_H 1
| #define HAVE_LIMITS_H 1
| #define HAVE_MALLOC_H 1
| #define HAVE_SEARCH_H 1
| #define HAVE_SYS_TIME_H 1
| #define HAVE_UNISTD_H 1
| #define SIZEOF_INT 4
| #define SIZEOF_LONG 8
| #define TIME_WITH_SYS_TIME 1
| #define SIZEOF_SIGNED_LONG 8
| #define SIZEOF_UNSIGNED_LONG 8
| #define SIZEOF_SIGNED_LONG_LONG 8
| #define SIZEOF_UNSIGNED_LONG_LONG 8
| #define TIFF_INT64_T signed long
| #define TIFF_INT64_FORMAT "%ld"
| #define TIFF_UINT64_T unsigned long
| #define TIFF_UINT64_FORMAT "%lu"
| #define HAVE_FLOOR 1
| #define HAVE_ISASCII 1
| #define HAVE_MEMMOVE 1
| #define HAVE_MEMSET 1
| #define HAVE_MMAP 1
| #define HAVE_POW 1
| #define HAVE_SQRT 1
| #define HAVE_STRCHR 1
| #define HAVE_STRRCHR 1
| #define HAVE_STRSTR 1
| #define HAVE_STRTOL 1
| #define HAVE_GETOPT 1
| #define HAVE_STRCASECMP 1
| #define HAVE_STRTOUL 1
| #define HAVE_LFIND 1
| #define HOST_FILLORDER FILLORDER_LSB2MSB
| #define HOST_BIGENDIAN 0
| #define HAVE_IEEEFP 1
| #define CCITT_SUPPORT 1
| #define PACKBITS_SUPPORT 1
| #define LZW_SUPPORT 1
| #define THUNDER_SUPPORT 1
| #define NEXT_SUPPORT 1
| #define LOGLUV_SUPPORT 1
| #define MDI_SUPPORT 1
| #define ZIP_SUPPORT 1
| #define PIXARLOG_SUPPORT 1
| #define JPEG_SUPPORT 1
| #define OJPEG_SUPPORT 1
| #define JBIG_SUPPORT 1
| #define HAVE_JBG_NEWLEN 1
| #define CXX_SUPPORT 1
| #define X_DISPLAY_MISSING 1
| #define HAVE_PTHREAD 1
| /* end confdefs.h.  */
| 
| # if HAVE_WINDOWS_H && defined(_WIN32)
| #   include <windows.h>
| # endif
| # include <GL/gl.h>
| int
| main ()
| {
| glBegin(0)
|   ;
|   return 0;
| }
configure:19396: gcc -o conftest -fsanitize=address,undefined -g0 -fno-omit-frame-pointer -Wall -W   -fsanitize=address,undefined conftest.c -lGL  -lm -ljbig -ljpeg -lz -lm -lc  >&5
configure:19396: $? = 0
configure:19405: result: -lGL
configure:19428: checking for OpenGL Utility library
configure:19481: g++ -o conftest -g -O2   -fsanitize=address,undefined conftest.cpp -lglu32 -lGL  -lm -ljbig -ljpeg -lz -lm -lc  >&5
conftest.cpp:81:11: fatal error: GL/glu.h: No such file or directory
   81 | # include <GL/glu.h>
      |           ^~~~~~~~~~
compilation terminated.
configure:19481: $? = 1
configure: failed program was:
| /* confdefs.h */
| #define PACKAGE_NAME "LibTIFF Software"
| #define PACKAGE_TARNAME "tiff"
| #define PACKAGE_VERSION "3.9.7"
| #define PACKAGE_STRING "LibTIFF Software 3.9.7"
| #define PACKAGE_BUGREPORT "tiff@lists.maptools.org"
| #define PACKAGE_URL ""
| #define PACKAGE "tiff"
| #define VERSION "3.9.7"
| #define STDC_HEADERS 1
| #define HAVE_SYS_TYPES_H 1
| #define HAVE_SYS_STAT_H 1
| #define HAVE_STDLIB_H 1
| #define HAVE_STRING_H 1
| #define HAVE_MEMORY_H 1
| #define HAVE_STRINGS_H 1
| #define HAVE_INTTYPES_H 1
| #define HAVE_STDINT_H 1
| #define HAVE_UNISTD_H 1
| #define HAVE_DLFCN_H 1
| #define LT_OBJDIR ".libs/"
| #define HAVE_LIBC 1
| #define HAVE_LIBM 1
| #define HAVE_ASSERT_H 1
| #define HAVE_FCNTL_H 1
| #define HAVE_LIMITS_H 1
| #define HAVE_MALLOC_H 1
| #define HAVE_SEARCH_H 1
| #define HAVE_SYS_TIME_H 1
| #define HAVE_UNISTD_H 1
| #define SIZEOF_INT 4
| #define SIZEOF_LONG 8
| #define TIME_WITH_SYS_TIME 1
| #define SIZEOF_SIGNED_LONG 8
| #define SIZEOF_UNSIGNED_LONG 8
| #define SIZEOF_SIGNED_LONG_LONG 8
| #define SIZEOF_UNSIGNED_LONG_LONG 8
| #define TIFF_INT64_T signed long
| #define TIFF_INT64_FORMAT "%ld"
| #define TIFF_UINT64_T unsigned long
| #define TIFF_UINT64_FORMAT "%lu"
| #define HAVE_FLOOR 1
| #define HAVE_ISASCII 1
| #define HAVE_MEMMOVE 1
| #define HAVE_MEMSET 1
| #define HAVE_MMAP 1
| #define HAVE_POW 1
| #define HAVE_SQRT 1
| #define HAVE_STRCHR 1
| #define HAVE_STRRCHR 1
| #define HAVE_STRSTR 1
| #define HAVE_STRTOL 1
| #define HAVE_GETOPT 1
| #define HAVE_STRCASECMP 1
| #define HAVE_STRTOUL 1
| #define HAVE_LFIND 1
| #define HOST_FILLORDER FILLORDER_LSB2MSB
| #define HOST_BIGENDIAN 0
| #define HAVE_IEEEFP 1
| #define CCITT_SUPPORT 1
| #define PACKBITS_SUPPORT 1
| #define LZW_SUPPORT 1
| #define THUNDER_SUPPORT 1
| #define NEXT_SUPPORT 1
| #define LOGLUV_SUPPORT 1
| #define MDI_SUPPORT 1
| #define ZIP_SUPPORT 1
| #define PIXARLOG_SUPPORT 1
| #define JPEG_SUPPORT 1
| #define OJPEG_SUPPORT 1
| #define JBIG_SUPPORT 1
| #define HAVE_JBG_NEWLEN 1
| #define CXX_SUPPORT 1
| #define X_DISPLAY_MISSING 1
| #define HAVE_PTHREAD 1
| /* end confdefs.h.  */
| 
| # if HAVE_WINDOWS_H && defined(_WIN32)
| #   include <windows.h>
| # endif
| # include <GL/glu.h>
| int
| main ()
| {
| gluBeginCurve(0)
|   ;
|   return 0;
| }
configure:19481: g++ -o conftest -g -O2   -fsanitize=address,undefined conftest.cpp -lGLU -lGL  -lm -ljbig -ljpeg -lz -lm -lc  >&5
conftest.cpp:81:11: fatal error: GL/glu.h: No such file or directory
   81 | # include <GL/glu.h>
      |           ^~~~~~~~~~
compilation terminated.
configure:19481: $? = 1
configure: failed program was:
| /* confdefs.h */
| #define PACKAGE_NAME "LibTIFF Software"
| #define PACKAGE_TARNAME "tiff"
| #define PACKAGE_VERSION "3.9.7"
| #define PACKAGE_STRING "LibTIFF Software 3.9.7"
| #define PACKAGE_BUGREPORT "tiff@lists.maptools.org"
| #define PACKAGE_URL ""
| #define PACKAGE "tiff"
| #define VERSION "3.9.7"
| #define STDC_HEADERS 1
| #define HAVE_SYS_TYPES_H 1
| #define HAVE_SYS_STAT_H 1
| #define HAVE_STDLIB_H 1
| #define HAVE_STRING_H 1
| #define HAVE_MEMORY_H 1
| #define HAVE_STRINGS_H 1
| #define HAVE_INTTYPES_H 1
| #define HAVE_STDINT_H 1
| #define HAVE_UNISTD_H 1
| #define HAVE_DLFCN_H 1
| #define LT_OBJDIR ".libs/"
| #define HAVE_LIBC 1
| #define HAVE_LIBM 1
| #define HAVE_ASSERT_H 1
| #define HAVE_FCNTL_H 1
| #define HAVE_LIMITS_H 1
| #define HAVE_MALLOC_H 1
| #define HAVE_SEARCH_H 1
| #define HAVE_SYS_TIME_H 1
| #define HAVE_UNISTD_H 1
| #define SIZEOF_INT 4
| #define SIZEOF_LONG 8
| #define TIME_WITH_SYS_TIME 1
| #define SIZEOF_SIGNED_LONG 8
| #define SIZEOF_UNSIGNED_LONG 8
| #define SIZEOF_SIGNED_LONG_LONG 8
| #define SIZEOF_UNSIGNED_LONG_LONG 8
| #define TIFF_INT64_T signed long
| #define TIFF_INT64_FORMAT "%ld"
| #define TIFF_UINT64_T unsigned long
| #define TIFF_UINT64_FORMAT "%lu"
| #define HAVE_FLOOR 1
| #define HAVE_ISASCII 1
| #define HAVE_MEMMOVE 1
| #define HAVE_MEMSET 1
| #define HAVE_MMAP 1
| #define HAVE_POW 1
| #define HAVE_SQRT 1
| #define HAVE_STRCHR 1
| #define HAVE_STRRCHR 1
| #define HAVE_STRSTR 1
| #define HAVE_STRTOL 1
| #define HAVE_GETOPT 1
| #define HAVE_STRCASECMP 1
| #define HAVE_STRTOUL 1
| #define HAVE_LFIND 1
| #define HOST_FILLORDER FILLORDER_LSB2MSB
| #define HOST_BIGENDIAN 0
| #define HAVE_IEEEFP 1
| #define CCITT_SUPPORT 1
| #define PACKBITS_SUPPORT 1
| #define LZW_SUPPORT 1
| #define THUNDER_SUPPORT 1
| #define NEXT_SUPPORT 1
| #define LOGLUV_SUPPORT 1
| #define MDI_SUPPORT 1
| #define ZIP_SUPPORT 1
| #define PIXARLOG_SUPPORT 1
| #define JPEG_SUPPORT 1
| #define OJPEG_SUPPORT 1
| #define JBIG_SUPPORT 1
| #define HAVE_JBG_NEWLEN 1
| #define CXX_SUPPORT 1
| #define X_DISPLAY_MISSING 1
| #define HAVE_PTHREAD 1
| /* end confdefs.h.  */
| 
| # if HAVE_WINDOWS_H && defined(_WIN32)
| #   include <windows.h>
| # endif
| # include <GL/glu.h>
| int
| main ()
| {
| gluBeginCurve(0)
|   ;
|   return 0;
| }
configure:19504: result: no
configure:19542: checking for GLUT library
configure:19573: gcc -o conftest -fsanitize=address,undefined -g0 -fno-omit-frame-pointer -Wall -W   -fsanitize=address,undefined conftest.c -lglut32  -ljbig -ljpeg -lz -lm -lc  >&5
conftest.c:81:11: fatal error: GL/glut.h: No such file or directory
   81 | # include <GL/glut.h>
      |           ^~~~~~~~~~~
compilation terminated.
configure:19573: $? = 1
configure: failed program was:
| /* confdefs.h */
| #define PACKAGE_NAME "LibTIFF Software"
| #define PACKAGE_TARNAME "tiff"
| #define PACKAGE_VERSION "3.9.7"
| #define PACKAGE_STRING "LibTIFF Software 3.9.7"
| #define PACKAGE_BUGREPORT "tiff@lists.maptools.org"
| #define PACKAGE_URL ""
| #define PACKAGE "tiff"
| #define VERSION "3.9.7"
| #define STDC_HEADERS 1
| #define HAVE_SYS_TYPES_H 1
| #define HAVE_SYS_STAT_H 1
| #define HAVE_STDLIB_H 1
| #define HAVE_STRING_H 1
| #define HAVE_MEMORY_H 1
| #define HAVE_STRINGS_H 1
| #define HAVE_INTTYPES_H 1
| #define HAVE_STDINT_H 1
| #define HAVE_UNISTD_H 1
| #define HAVE_DLFCN_H 1
| #define LT_OBJDIR ".libs/"
| #define HAVE_LIBC 1
| #define HAVE_LIBM 1
| #define HAVE_ASSERT_H 1
| #define HAVE_FCNTL_H 1
| #define HAVE_LIMITS_H 1
| #define HAVE_MALLOC_H 1
| #define HAVE_SEARCH_H 1
| #define HAVE_SYS_TIME_H 1
| #define HAVE_UNISTD_H 1
| #define SIZEOF_INT 4
| #define SIZEOF_LONG 8
| #define TIME_WITH_SYS_TIME 1
| #define SIZEOF_SIGNED_LONG 8
| #define SIZEOF_UNSIGNED_LONG 8
| #define SIZEOF_SIGNED_LONG_LONG 8
| #define SIZEOF_UNSIGNED_LONG_LONG 8
| #define TIFF_INT64_T signed long
| #define TIFF_INT64_FORMAT "%ld"
| #define TIFF_UINT64_T unsigned long
| #define TIFF_UINT64_FORMAT "%lu"
| #define HAVE_FLOOR 1
| #define HAVE_ISASCII 1
| #define HAVE_MEMMOVE 1
| #define HAVE_MEMSET 1
| #define HAVE_MMAP 1
| #define HAVE_POW 1
| #define HAVE_SQRT 1
| #define HAVE_STRCHR 1
| #define HAVE_STRRCHR 1
| #define HAVE_STRSTR 1
| #define HAVE_STRTOL 1
| #define HAVE_GETOPT 1
| #define HAVE_STRCASECMP 1
| #define HAVE_STRTOUL 1
| #define HAVE_LFIND 1
| #define HOST_FILLORDER FILLORDER_LSB2MSB
| #define HOST_BIGENDIAN 0
| #define HAVE_IEEEFP 1
| #define CCITT_SUPPORT 1
| #define PACKBITS_SUPPORT 1
| #define LZW_SUPPORT 1
| #define THUNDER_SUPPORT 1
| #define NEXT_SUPPORT 1
| #define LOGLUV_SUPPORT 1
| #define MDI_SUPPORT 1
| #define ZIP_SUPPORT 1
| #define PIXARLOG_SUPPORT 1
| #define JPEG_SUPPORT 1
| #define OJPEG_SUPPORT 1
| #define JBIG_SUPPORT 1
| #define HAVE_JBG_NEWLEN 1
| #define CXX_SUPPORT 1
| #define X_DISPLAY_MISSING 1
| #define HAVE_PTHREAD 1
| /* end confdefs.h.  */
| 
| # if HAVE_WINDOWS_H && defined(_WIN32)
| #   include <windows.h>
| # endif
| # include <GL/glut.h>
| int
| main ()
| {
| glutMainLoop()
|   ;
|   return 0;
| }
configure:19573: gcc -o conftest -fsanitize=address,undefined -g0 -fno-omit-frame-pointer -Wall -W   -fsanitize=address,undefined conftest.c -lglut  -ljbig -ljpeg -lz -lm -lc  >&5
conftest.c:81:11: fatal error: GL/glut.h: No such file or directory
   81 | # include <GL/glut.h>
      |           ^~~~~~~~~~~
compilation terminated.
configure:19573: $? = 1
configure: failed program was:
| /* confdefs.h */
| #define PACKAGE_NAME "LibTIFF Software"
| #define PACKAGE_TARNAME "tiff"
| #define PACKAGE_VERSION "3.9.7"
| #define PACKAGE_STRING "LibTIFF Software 3.9.7"
| #define PACKAGE_BUGREPORT "tiff@lists.maptools.org"
| #define PACKAGE_URL ""
| #define PACKAGE "tiff"
| #define VERSION "3.9.7"
| #define STDC_HEADERS 1
| #define HAVE_SYS_TYPES_H 1
| #define HAVE_SYS_STAT_H 1
| #define HAVE_STDLIB_H 1
| #define HAVE_STRING_H 1
| #define HAVE_MEMORY_H 1
| #define HAVE_STRINGS_H 1
| #define HAVE_INTTYPES_H 1
| #define HAVE_STDINT_H 1
| #define HAVE_UNISTD_H 1
| #define HAVE_DLFCN_H 1
| #define LT_OBJDIR ".libs/"
| #define HAVE_LIBC 1
| #define HAVE_LIBM 1
| #define HAVE_ASSERT_H 1
| #define HAVE_FCNTL_H 1
| #define HAVE_LIMITS_H 1
| #define HAVE_MALLOC_H 1
| #define HAVE_SEARCH_H 1
| #define HAVE_SYS_TIME_H 1
| #define HAVE_UNISTD_H 1
| #define SIZEOF_INT 4
| #define SIZEOF_LONG 8
| #define TIME_WITH_SYS_TIME 1
| #define SIZEOF_SIGNED_LONG 8
| #define SIZEOF_UNSIGNED_LONG 8
| #define SIZEOF_SIGNED_LONG_LONG 8
| #define SIZEOF_UNSIGNED_LONG_LONG 8
| #define TIFF_INT64_T signed long
| #define TIFF_INT64_FORMAT "%ld"
| #define TIFF_UINT64_T unsigned long
| #define TIFF_UINT64_FORMAT "%lu"
| #define HAVE_FLOOR 1
| #define HAVE_ISASCII 1
| #define HAVE_MEMMOVE 1
| #define HAVE_MEMSET 1
| #define HAVE_MMAP 1
| #define HAVE_POW 1
| #define HAVE_SQRT 1
| #define HAVE_STRCHR 1
| #define HAVE_STRRCHR 1
| #define HAVE_STRSTR 1
| #define HAVE_STRTOL 1
| #define HAVE_GETOPT 1
| #define HAVE_STRCASECMP 1
| #define HAVE_STRTOUL 1
| #define HAVE_LFIND 1
| #define HOST_FILLORDER FILLORDER_LSB2MSB
| #define HOST_BIGENDIAN 0
| #define HAVE_IEEEFP 1
| #define CCITT_SUPPORT 1
| #define PACKBITS_SUPPORT 1
| #define LZW_SUPPORT 1
| #define THUNDER_SUPPORT 1
| #define NEXT_SUPPORT 1
| #define LOGLUV_SUPPORT 1
| #define MDI_SUPPORT 1
| #define ZIP_SUPPORT 1
| #define PIXARLOG_SUPPORT 1
| #define JPEG_SUPPORT 1
| #define OJPEG_SUPPORT 1
| #define JBIG_SUPPORT 1
| #define HAVE_JBG_NEWLEN 1
| #define CXX_SUPPORT 1
| #define X_DISPLAY_MISSING 1
| #define HAVE_PTHREAD 1
| /* end confdefs.h.  */
| 
| # if HAVE_WINDOWS_H && defined(_WIN32)
| #   include <windows.h>
| # endif
| # include <GL/glut.h>
| int
| main ()
| {
| glutMainLoop()
|   ;
|   return 0;
| }
configure:19583: result: no
configure:19803: checking that generated files are newer than configure
configure:19809: result: done
configure:19823: checking that generated files are newer than configure
configure:19829: result: done
configure:19865: creating ./config.status

## ---------------------- ##
## Running config.status. ##
## ---------------------- ##

This file was extended by LibTIFF Software config.status 3.9.7, which was
generated by GNU Autoconf 2.69.  Invocation command line was

  CONFIG_FILES    = 
  CONFIG_HEADERS  = 
  CONFIG_LINKS    = 
  CONFIG_COMMANDS = 
  $ ./config.status 

on XXF-GPU-03

config.status:1263: creating Makefile
config.status:1263: creating build/Makefile
config.status:1263: creating contrib/Makefile
config.status:1263: creating contrib/acorn/Makefile
config.status:1263: creating contrib/addtiffo/Makefile
config.status:1263: creating contrib/dbs/Makefile
config.status:1263: creating contrib/dbs/xtiff/Makefile
config.status:1263: creating contrib/iptcutil/Makefile
config.status:1263: creating contrib/mac-cw/Makefile
config.status:1263: creating contrib/mac-mpw/Makefile
config.status:1263: creating contrib/mfs/Makefile
config.status:1263: creating contrib/pds/Makefile
config.status:1263: creating contrib/ras/Makefile
config.status:1263: creating contrib/stream/Makefile
config.status:1263: creating contrib/tags/Makefile
config.status:1263: creating contrib/win_dib/Makefile
config.status:1263: creating html/Makefile
config.status:1263: creating html/images/Makefile
config.status:1263: creating html/man/Makefile
config.status:1263: creating libtiff/Makefile
config.status:1263: creating man/Makefile
config.status:1263: creating port/Makefile
config.status:1263: creating test/Makefile
config.status:1263: creating tools/Makefile
config.status:1263: creating libtiff/tif_config.h
config.status:1263: creating libtiff/tiffconf.h
config.status:1492: executing depfiles commands
config.status:1492: executing libtool commands
configure:22379: WARNING: unrecognized options: --disable-lzma

## ---------------- ##
## Cache variables. ##
## ---------------- ##

ac_cv_build=x86_64-unknown-linux-gnu
ac_cv_c_bigendian=no
ac_cv_c_compiler_gnu=yes
ac_cv_c_const=yes
ac_cv_c_inline=inline
ac_cv_cxx_compiler_gnu=yes
ac_cv_env_CCC_set=
ac_cv_env_CCC_value=
ac_cv_env_CC_set=set
ac_cv_env_CC_value=gcc
ac_cv_env_CFLAGS_set=set
ac_cv_env_CFLAGS_value='-fsanitize=address,undefined -g0 -fno-omit-frame-pointer'
ac_cv_env_CPPFLAGS_set=
ac_cv_env_CPPFLAGS_value=
ac_cv_env_CPP_set=
ac_cv_env_CPP_value=
ac_cv_env_CXXCPP_set=
ac_cv_env_CXXCPP_value=
ac_cv_env_CXXFLAGS_set=
ac_cv_env_CXXFLAGS_value=
ac_cv_env_CXX_set=
ac_cv_env_CXX_value=
ac_cv_env_LDFLAGS_set=set
ac_cv_env_LDFLAGS_value=-fsanitize=address,undefined
ac_cv_env_LIBS_set=
ac_cv_env_LIBS_value=
ac_cv_env_XMKMF_set=
ac_cv_env_XMKMF_value=
ac_cv_env_build_alias_set=
ac_cv_env_build_alias_value=
ac_cv_env_host_alias_set=
ac_cv_env_host_alias_value=
ac_cv_env_target_alias_set=
ac_cv_env_target_alias_value=
ac_cv_func_floor=yes
ac_cv_func_getopt=yes
ac_cv_func_isascii=yes
ac_cv_func_jbg_newlen=yes
ac_cv_func_lfind=yes
ac_cv_func_memmove=yes
ac_cv_func_memset=yes
ac_cv_func_mmap=yes
ac_cv_func_pow=yes
ac_cv_func_setmode=no
ac_cv_func_sqrt=yes
ac_cv_func_strcasecmp=yes
ac_cv_func_strchr=yes
ac_cv_func_strrchr=yes
ac_cv_func_strstr=yes
ac_cv_func_strtol=yes
ac_cv_func_strtoul=yes
ac_cv_header_assert_h=yes
ac_cv_header_dlfcn_h=yes
ac_cv_header_fcntl_h=yes
ac_cv_header_inttypes_h=yes
ac_cv_header_io_h=no
ac_cv_header_jbig_h=yes
ac_cv_header_jpeglib_h=yes
ac_cv_header_limits_h=yes
ac_cv_header_malloc_h=yes
ac_cv_header_memory_h=yes
ac_cv_header_search_h=yes
ac_cv_header_stdc=yes
ac_cv_header_stdint_h=yes
ac_cv_header_stdlib_h=yes
ac_cv_header_string_h=yes
ac_cv_header_strings_h=yes
ac_cv_header_sys_stat_h=yes
ac_cv_header_sys_time_h=yes
ac_cv_header_sys_types_h=yes
ac_cv_header_time=yes
ac_cv_header_unistd_h=yes
ac_cv_header_windows_h=no
ac_cv_header_zlib_h=yes
ac_cv_host=x86_64-unknown-linux-gnu
ac_cv_lib_c_main=yes
ac_cv_lib_jbig_jbg_dec_init=yes
ac_cv_lib_jpeg_jpeg_read_scanlines=yes
ac_cv_lib_m_sin=yes
ac_cv_lib_z_inflateEnd=yes
ac_cv_objext=o
ac_cv_path_EGREP='/usr/bin/grep -E'
ac_cv_path_FGREP='/usr/bin/grep -F'
ac_cv_path_GREP=/usr/bin/grep
ac_cv_path_SED=/usr/bin/sed
ac_cv_path_install='/usr/bin/install -c'
ac_cv_path_mkdir=/usr/bin/mkdir
ac_cv_prog_AWK=gawk
ac_cv_prog_CPP='gcc -E'
ac_cv_prog_CXXCPP='g++ -E'
ac_cv_prog_PTHREAD_CC=gcc
ac_cv_prog_ac_ct_AR=ar
ac_cv_prog_ac_ct_CC=gcc
ac_cv_prog_ac_ct_CXX=g++
ac_cv_prog_ac_ct_MANIFEST_TOOL=mt
ac_cv_prog_ac_ct_OBJDUMP=objdump
ac_cv_prog_ac_ct_RANLIB=ranlib
ac_cv_prog_ac_ct_STRIP=strip
ac_cv_prog_cc_c89=
ac_cv_prog_cc_c99=
ac_cv_prog_cc_g=yes
ac_cv_prog_cc_gcc_c_o=yes
ac_cv_prog_cc_stdc=
ac_cv_prog_cxx_g=yes
ac_cv_prog_make_make_set=yes
ac_cv_sizeof_int=4
ac_cv_sizeof_long=8
ac_cv_sizeof_signed_long=8
ac_cv_sizeof_signed_long_long=8
ac_cv_sizeof_unsigned_long=8
ac_cv_sizeof_unsigned_long_long=8
ac_cv_struct_tm=time.h
ac_cv_sys_file_offset_bits=no
ac_cv_sys_largefile_CC=no
ac_cv_type_int16=no
ac_cv_type_int32=no
ac_cv_type_int8=no
ac_cv_type_off_t=yes
ac_cv_type_size_t=yes
am_cv_CC_dependencies_compiler_type=gcc3
am_cv_CXX_dependencies_compiler_type=gcc3
am_cv_make_support_nested_variables=yes
ax_cv_c_compiler_ms=no
ax_cv_check_gl_libgl=-lGL
ax_cv_check_glu_libglu=no
ax_cv_check_glut_libglut=no
lt_cv_ar_at_file=@
lt_cv_archive_cmds_need_lc=no
lt_cv_deplibs_check_method=pass_all
lt_cv_file_magic_cmd='$MAGIC_CMD'
lt_cv_file_magic_test_file=
lt_cv_ld_reload_flag=-r
lt_cv_nm_interface='BSD nm'
lt_cv_objdir=.libs
lt_cv_path_LD=/usr/bin/ld
lt_cv_path_LDCXX='/usr/bin/ld -m elf_x86_64'
lt_cv_path_NM='/usr/bin/nm -B'
lt_cv_path_mainfest_tool=no
lt_cv_prog_compiler_c_o=yes
lt_cv_prog_compiler_c_o_CXX=yes
lt_cv_prog_compiler_pic='-fPIC -DPIC'
lt_cv_prog_compiler_pic_CXX='-fPIC -DPIC'
lt_cv_prog_compiler_pic_works=yes
lt_cv_prog_compiler_pic_works_CXX=yes
lt_cv_prog_compiler_rtti_exceptions=no
lt_cv_prog_compiler_static_works=no
lt_cv_prog_compiler_static_works_CXX=no
lt_cv_prog_gnu_ld=yes
lt_cv_prog_gnu_ldcxx=yes
lt_cv_sharedlib_from_linklib_cmd='printf %s\n'
lt_cv_shlibpath_overrides_runpath=yes
lt_cv_sys_global_symbol_pipe='sed -n -e '\''s/^.*[	 ]\([ABCDGIRSTW][ABCDGIRSTW]*\)[	 ][	 ]*\([_A-Za-z][_A-Za-z0-9]*\)$/\1 \2 \2/p'\'' | sed '\''/ __gnu_lto/d'\'''
lt_cv_sys_global_symbol_to_c_name_address='sed -n -e '\''s/^: \([^ ]*\)[ ]*$/  {\"\1\", (void *) 0},/p'\'' -e '\''s/^[ABCDGIRSTW]* \([^ ]*\) \([^ ]*\)$/  {"\2", (void *) \&\2},/p'\'''
lt_cv_sys_global_symbol_to_c_name_address_lib_prefix='sed -n -e '\''s/^: \([^ ]*\)[ ]*$/  {\"\1\", (void *) 0},/p'\'' -e '\''s/^[ABCDGIRSTW]* \([^ ]*\) \(lib[^ ]*\)$/  {"\2", (void *) \&\2},/p'\'' -e '\''s/^[ABCDGIRSTW]* \([^ ]*\) \([^ ]*\)$/  {"lib\2", (void *) \&\2},/p'\'''
lt_cv_sys_global_symbol_to_cdecl='sed -n -e '\''s/^T .* \(.*\)$/extern int \1();/p'\'' -e '\''s/^[ABCDGIRSTW]* .* \(.*\)$/extern char \1;/p'\'''
lt_cv_sys_max_cmd_len=1572864
lt_cv_to_host_file_cmd=func_convert_file_noop
lt_cv_to_tool_file_cmd=func_convert_file_noop
vl_cv_prog_cc_warnings='-Wall -W'

## ----------------- ##
## Output variables. ##
## ----------------- ##

ACLOCAL='${SHELL} /data/ylwang/non-textfuzz/target/libtiff/config/missing --run aclocal-1.12'
AMDEPBACKSLASH='\'
AMDEP_FALSE='#'
AMDEP_TRUE=''
AMTAR='$${TAR-tar}'
AM_BACKSLASH='\'
AM_DEFAULT_V='$(AM_DEFAULT_VERBOSITY)'
AM_DEFAULT_VERBOSITY='1'
AM_V='$(V)'
AR='ar'
AS='as'
AUTOCONF='${SHELL} /data/ylwang/non-textfuzz/target/libtiff/config/missing --run autoconf'
AUTOHEADER='${SHELL} /data/ylwang/non-textfuzz/target/libtiff/config/missing --run autoheader'
AUTOMAKE='${SHELL} /data/ylwang/non-textfuzz/target/libtiff/config/missing --run automake-1.12'
AWK='gawk'
CC='gcc'
CCDEPMODE='depmode=gcc3'
CFLAGS='-fsanitize=address,undefined -g0 -fno-omit-frame-pointer -Wall -W'
CPP='gcc -E'
CPPFLAGS=''
CXX='g++'
CXXCPP='g++ -E'
CXXDEPMODE='depmode=gcc3'
CXXFLAGS='-g -O2'
CYGPATH_W='echo'
DEFS='-DHAVE_CONFIG_H'
DEPDIR='.deps'
DLLTOOL='false'
DSYMUTIL=''
DUMPBIN=''
ECHO_C=''
ECHO_N='-n'
ECHO_T=''
EGREP='/usr/bin/grep -E'
EXEEXT=''
FGREP='/usr/bin/grep -F'
GLUT_CFLAGS=''
GLUT_LIBS=''
GLU_CFLAGS=''
GLU_LIBS=''
GL_CFLAGS=''
GL_LIBS='-lGL  -lm'
GREP='/usr/bin/grep'
HAVE_CXX_FALSE='#'
HAVE_CXX_TRUE=''
HAVE_LD_VERSION_SCRIPT_FALSE=''
HAVE_LD_VERSION_SCRIPT_TRUE='#'
HAVE_OPENGL_FALSE=''
HAVE_OPENGL_TRUE='#'
HAVE_RPATH_FALSE=''
HAVE_RPATH_TRUE='#'
INSTALL_DATA='${INSTALL} -m 644'
INSTALL_PROGRAM='${INSTALL}'
INSTALL_SCRIPT='${INSTALL}'
INSTALL_STRIP_PROGRAM='$(install_sh) -c -s'
LD='/usr/bin/ld -m elf_x86_64'
LDFLAGS='-fsanitize=address,undefined'
LIBDIR=''
LIBOBJS=''
LIBS='-ljbig -ljpeg -lz -lm -lc '
LIBTIFF_ALPHA_VERSION=''
LIBTIFF_DOCDIR='${prefix}/share/doc/tiff-3.9.7'
LIBTIFF_MAJOR_VERSION='3'
LIBTIFF_MICRO_VERSION='7'
LIBTIFF_MINOR_VERSION='9'
LIBTIFF_RELEASE_DATE='20260907'
LIBTIFF_VERSION='3.9.7'
LIBTIFF_VERSION_INFO='3:9:7'
LIBTOOL='$(SHELL) $(top_builddir)/libtool'
LIPO=''
LN_S='ln -s'
LTLIBOBJS=''
MAINT='#'
MAINTAINER_MODE_FALSE=''
MAINTAINER_MODE_TRUE='#'
MAKEINFO='${SHELL} /data/ylwang/non-textfuzz/target/libtiff/config/missing --run makeinfo'
MANIFEST_TOOL=':'
MKDIR_P='/usr/bin/mkdir -p'
NM='/usr/bin/nm -B'
NMEDIT=''
OBJDUMP='objdump'
OBJEXT='o'
OTOOL64=''
OTOOL=''
PACKAGE='tiff'
PACKAGE_BUGREPORT='tiff@lists.maptools.org'
PACKAGE_NAME='LibTIFF Software'
PACKAGE_STRING='LibTIFF Software 3.9.7'
PACKAGE_TARNAME='tiff'
PACKAGE_URL=''
PACKAGE_VERSION='3.9.7'
PATH_SEPARATOR=':'
PTHREAD_CC='gcc'
PTHREAD_CFLAGS=''
PTHREAD_LIBS=''
RANLIB='ranlib'
SED='/usr/bin/sed'
SET_MAKE=''
SHELL='/bin/bash'
STRIP='strip'
VERSION='3.9.7'
XMKMF=''
X_CFLAGS=''
X_EXTRA_LIBS=''
X_LIBS=''
X_PRE_LIBS=''
ac_ct_AR='ar'
ac_ct_CC='gcc'
ac_ct_CXX='g++'
ac_ct_DUMPBIN=''
acx_pthread_config=''
am__EXEEXT_FALSE=''
am__EXEEXT_TRUE='#'
am__fastdepCC_FALSE='#'
am__fastdepCC_TRUE=''
am__fastdepCXX_FALSE='#'
am__fastdepCXX_TRUE=''
am__include='include'
am__isrc=''
am__leading_dot='.'
am__nodep='_no'
am__quote=''
am__tar='$${TAR-tar} chof - "$$tardir"'
am__untar='$${TAR-tar} xf -'
bindir='${exec_prefix}/bin'
build='x86_64-unknown-linux-gnu'
build_alias=''
build_cpu='x86_64'
build_os='linux-gnu'
build_vendor='unknown'
datadir='${datarootdir}'
datarootdir='${prefix}/share'
docdir='${datarootdir}/doc/${PACKAGE_TARNAME}'
dvidir='${docdir}'
exec_prefix='${prefix}'
host='x86_64-unknown-linux-gnu'
host_alias=''
host_cpu='x86_64'
host_os='linux-gnu'
host_vendor='unknown'
htmldir='${docdir}'
includedir='${prefix}/include'
infodir='${datarootdir}/info'
install_sh='${SHELL} /data/ylwang/non-textfuzz/target/libtiff/config/install-sh'
libdir='${exec_prefix}/lib'
libexecdir='${exec_prefix}/libexec'
localedir='${datarootdir}/locale'
localstatedir='${prefix}/var'
mandir='${datarootdir}/man'
mkdir_p='$(MKDIR_P)'
oldincludedir='/usr/include'
pdfdir='${docdir}'
prefix='/data/ylwang/non-textfuzz/target/libtiff/build_test'
program_transform_name='s,x,x,'
psdir='${docdir}'
sbindir='${exec_prefix}/sbin'
sharedstatedir='${prefix}/com'
sysconfdir='${prefix}/etc'
target_alias=''

## ----------- ##
## confdefs.h. ##
## ----------- ##

/* confdefs.h */
#define PACKAGE_NAME "LibTIFF Software"
#define PACKAGE_TARNAME "tiff"
#define PACKAGE_VERSION "3.9.7"
#define PACKAGE_STRING "LibTIFF Software 3.9.7"
#define PACKAGE_BUGREPORT "tiff@lists.maptools.org"
#define PACKAGE_URL ""
#define PACKAGE "tiff"
#define VERSION "3.9.7"
#define STDC_HEADERS 1
#define HAVE_SYS_TYPES_H 1
#define HAVE_SYS_STAT_H 1
#define HAVE_STDLIB_H 1
#define HAVE_STRING_H 1
#define HAVE_MEMORY_H 1
#define HAVE_STRINGS_H 1
#define HAVE_INTTYPES_H 1
#define HAVE_STDINT_H 1
#define HAVE_UNISTD_H 1
#define HAVE_DLFCN_H 1
#define LT_OBJDIR ".libs/"
#define HAVE_LIBC 1
#define HAVE_LIBM 1
#define HAVE_ASSERT_H 1
#define HAVE_FCNTL_H 1
#define HAVE_LIMITS_H 1
#define HAVE_MALLOC_H 1
#define HAVE_SEARCH_H 1
#define HAVE_SYS_TIME_H 1
#define HAVE_UNISTD_H 1
#define SIZEOF_INT 4
#define SIZEOF_LONG 8
#define TIME_WITH_SYS_TIME 1
#define SIZEOF_SIGNED_LONG 8
#define SIZEOF_UNSIGNED_LONG 8
#define SIZEOF_SIGNED_LONG_LONG 8
#define SIZEOF_UNSIGNED_LONG_LONG 8
#define TIFF_INT64_T signed long
#define TIFF_INT64_FORMAT "%ld"
#define TIFF_UINT64_T unsigned long
#define TIFF_UINT64_FORMAT "%lu"
#define HAVE_FLOOR 1
#define HAVE_ISASCII 1
#define HAVE_MEMMOVE 1
#define HAVE_MEMSET 1
#define HAVE_MMAP 1
#define HAVE_POW 1
#define HAVE_SQRT 1
#define HAVE_STRCHR 1
#define HAVE_STRRCHR 1
#define HAVE_STRSTR 1
#define HAVE_STRTOL 1
#define HAVE_GETOPT 1
#define HAVE_STRCASECMP 1
#define HAVE_STRTOUL 1
#define HAVE_LFIND 1
#define HOST_FILLORDER FILLORDER_LSB2MSB
#define HOST_BIGENDIAN 0
#define HAVE_IEEEFP 1
#define CCITT_SUPPORT 1
#define PACKBITS_SUPPORT 1
#define LZW_SUPPORT 1
#define THUNDER_SUPPORT 1
#define NEXT_SUPPORT 1
#define LOGLUV_SUPPORT 1
#define MDI_SUPPORT 1
#define ZIP_SUPPORT 1
#define PIXARLOG_SUPPORT 1
#define JPEG_SUPPORT 1
#define OJPEG_SUPPORT 1
#define JBIG_SUPPORT 1
#define HAVE_JBG_NEWLEN 1
#define CXX_SUPPORT 1
#define X_DISPLAY_MISSING 1
#define HAVE_PTHREAD 1
#define STRIPCHOP_DEFAULT TIFF_STRIPCHOP
#define STRIP_SIZE_DEFAULT 8192
#define SUBIFD_SUPPORT 1
#define DEFAULT_EXTRASAMPLE_AS_ALPHA 1
#define CHECK_JPEG_YCBCR_SUBSAMPLING 1

configure: exit 0
